state,district,total_cultivated_area_ha,dominant_crop,dominant_crop_area_ha,top_crops_summary
Andaman and Nicobar Islands,Nicobars,16155.1,Coconut,14497.8,Coconut: 14497.8ha; Banana: 801.4ha; Arecanut: 648.3ha; Cashewnut: 103.4ha; Tapioca: 56.6ha
Andaman and Nicobar Islands,North And Middle Andaman,11061.5,Rice,5159.5,Rice: 5159.5ha; Coconut: 2020.1ha; Arecanut: 1983.2ha; Banana: 728.1ha; Urad: 357.5ha
Andaman and Nicobar Islands,South Andamans,5051.5,Coconut,2625.4,Coconut: 2625.4ha; Arecanut: 1500.9ha; Banana: 442.8ha; Rice: 164.1ha; Black pepper: 107.8ha
Andhra Pradesh,Anantapur,700434.2,Oilseeds total,251750.2,Oilseeds total: 251750.2ha; Groundnut: 243257.8ha; Gram: 67005.0ha; Arhar/Tur: 33072.3ha; Cotton(lint): 22178.6ha
Andhra Pradesh,Chittoor,207504.4,Oilseeds total,63431.2,Oilseeds total: 63431.2ha; Groundnut: 61881.5ha; Rice: 26246.5ha; Sugarcane: 17043.8ha; Horse-gram: 14568.6ha
Andhra Pradesh,East Godavari,387241.3,Rice,192960.2,Rice: 192960.2ha; Coconut: 50511.8ha; Cashewnut: 30283.0ha; Oilseeds total: 22469.0ha; other oilseeds: 17510.3ha
Andhra Pradesh,Guntur,382792.9,Rice,108996.4,Rice: 108996.4ha; Cotton(lint): 97816.1ha; Dry chillies: 38314.2ha; Urad: 27645.2ha; Gram: 23888.5ha
Andhra Pradesh,Kadapa,201905.4,Gram,74274.4,Gram: 74274.4ha; Oilseeds total: 24703.1ha; Rice: 24119.6ha; Groundnut: 18918.9ha; Banana: 13630.8ha
Andhra Pradesh,Krishna,316383.0,Rice,134898.4,Rice: 134898.4ha; Urad: 72530.8ha; Cotton(lint): 45300.2ha; Maize: 12001.8ha; Sugarcane: 10842.5ha
Andhra Pradesh,Kurnool,737558.1,Cotton(lint),242384.5,Cotton(lint): 242384.5ha; Gram: 167229.8ha; Oilseeds total: 65233.9ha; Rice: 55271.9ha; Groundnut: 53068.8ha
Andhra Pradesh,Prakasam,284419.3,Gram,96449.5,Gram: 96449.5ha; Arhar/Tur: 46582.8ha; Rice: 29133.5ha; Tobacco: 22204.9ha; Dry chillies: 18170.4ha
Andhra Pradesh,Spsr Nellore,153217.3,Rice,103553.0,Rice: 103553.0ha; Gram: 11242.8ha; Oilseeds total: 8587.9ha; Urad: 6266.5ha; Groundnut: 5757.5ha
Andhra Pradesh,Srikakulam,239342.5,Rice,106788.0,Rice: 106788.0ha; Cashewnut: 24728.8ha; Urad: 23085.1ha; Moong(Green Gram): 15918.0ha; Maize: 14973.9ha
Andhra Pradesh,Visakhapatanam,207449.5,Rice,53164.5,Rice: 53164.5ha; Sugarcane: 31592.0ha; Cashewnut: 30521.0ha; Black pepper: 17215.0ha; Other Rabi pulses: 9578.2ha
Andhra Pradesh,Vizianagaram,177013.0,Rice,63175.8,Rice: 63175.8ha; Maize: 18218.5ha; Cashewnut: 13681.8ha; Sugarcane: 11604.0ha; Oilseeds total: 11304.2ha
Andhra Pradesh,West Godavari,411528.2,Rice,197960.5,Rice: 197960.5ha; other oilseeds: 55204.7ha; Oilseeds total: 34433.4ha; Maize: 26819.9ha; Coconut: 22766.8ha
Arunachal Pradesh,Anjaw,8225.1,Rice,3706.5,Rice: 3706.5ha; Small millets: 2401.8ha; Maize: 1434.2ha; Rapeseed &Mustard: 177.8ha; Potato: 79.0ha
Arunachal Pradesh,Changlang,20322.5,Rice,9426.5,Rice: 9426.5ha; Rapeseed &Mustard: 4236.0ha; Small millets: 1831.8ha; Maize: 1089.2ha; Dry chillies: 766.5ha
Arunachal Pradesh,Dibang Valley,5646.0,Maize,1972.2,Maize: 1972.2ha; Rice: 1810.5ha; Small millets: 825.0ha; Potato: 168.0ha; Ginger: 159.2ha
Arunachal Pradesh,East Kameng,14477.9,Rice,8413.5,Rice: 8413.5ha; Maize: 2630.0ha; Small millets: 787.8ha; Rapeseed &Mustard: 710.2ha; Other Rabi pulses: 331.2ha
Arunachal Pradesh,East Siang,23359.0,Rice,12910.0,Rice: 12910.0ha; Rapeseed &Mustard: 2833.5ha; Maize: 2612.2ha; Small millets: 1694.0ha; Ginger: 803.2ha
Arunachal Pradesh,Kamle,5782.7,Rice,3588.0,Rice: 3588.0ha; Small millets: 575.5ha; Maize: 509.0ha; Rapeseed &Mustard: 354.0ha; Potato: 176.5ha
Arunachal Pradesh,Kra Daadi,1661.3,Rice,568.0,Rice: 568.0ha; Maize: 305.2ha; Small millets: 217.0ha; Dry chillies: 161.5ha; Sugarcane: 109.2ha
Arunachal Pradesh,Kurung Kumey,1472.0,Rice,600.0,Rice: 600.0ha; Maize: 233.2ha; Small millets: 183.0ha; Dry chillies: 101.5ha; Potato: 86.0ha
Arunachal Pradesh,Leparada,5166.0,Rice,3521.0,Rice: 3521.0ha; Maize: 530.0ha; Small millets: 395.0ha; Rapeseed &Mustard: 325.0ha; Potato: 82.0ha
Arunachal Pradesh,Lohit,15120.4,Rice,4610.5,Rice: 4610.5ha; Maize: 4255.2ha; Rapeseed &Mustard: 4073.0ha; Potato: 395.0ha; Other Kharif pulses: 249.5ha
Arunachal Pradesh,Longding,8179.5,Rice,3035.5,Rice: 3035.5ha; Small millets: 2711.8ha; Maize: 1706.0ha; Rapeseed &Mustard: 228.0ha; Soyabean: 98.5ha
Arunachal Pradesh,Lower Dibang Valley,35318.8,Rice,14691.5,Rice: 14691.5ha; Maize: 8409.8ha; Rapeseed &Mustard: 4107.8ha; Ginger: 2954.2ha; Small millets: 1782.0ha
Arunachal Pradesh,Lower Siang,12124.1,Rice,5163.0,Rice: 5163.0ha; Maize: 2468.0ha; Small millets: 1756.0ha; Rapeseed &Mustard: 809.0ha; Potato: 417.5ha
Arunachal Pradesh,Lower Subansiri,11441.1,Rice,7065.5,Rice: 7065.5ha; Small millets: 1614.5ha; Rapeseed &Mustard: 746.0ha; Maize: 715.8ha; Potato: 326.0ha
Arunachal Pradesh,Namsai,24649.9,Rice,8672.5,Rice: 8672.5ha; Maize: 6334.8ha; Rapeseed &Mustard: 5464.0ha; Ginger: 782.0ha; Potato: 572.8ha
Arunachal Pradesh,Pakke Kessang,4719.5,Rice,2740.0,Rice: 2740.0ha; Maize: 857.0ha; Small millets: 257.0ha; Rapeseed &Mustard: 231.0ha; Other Rabi pulses: 109.0ha
Arunachal Pradesh,Papum Pare,19453.1,Rice,12076.5,Rice: 12076.5ha; Maize: 2542.2ha; Rapeseed &Mustard: 1284.5ha; Small millets: 1005.0ha; Soyabean: 335.0ha
Arunachal Pradesh,Shi Yomi,3507.0,Rice,2679.0,Rice: 2679.0ha; Maize: 243.0ha; Rapeseed &Mustard: 213.0ha; Small millets: 188.0ha; Potato: 34.0ha
Arunachal Pradesh,Siang,15191.0,Rice,7652.5,Rice: 7652.5ha; Maize: 2227.8ha; Rapeseed &Mustard: 1864.8ha; Small millets: 1522.8ha; Ginger: 469.0ha
Arunachal Pradesh,Tawang,5579.6,Small millets,1258.0,Small millets: 1258.0ha; Wheat: 1103.5ha; Maize: 909.2ha; Rice: 885.5ha; Potato: 512.2ha
Arunachal Pradesh,Tirap,9330.8,Maize,3804.2,Maize: 3804.2ha; Rice: 3051.5ha; Small millets: 1632.8ha; Potato: 175.0ha; Rapeseed &Mustard: 174.0ha
Arunachal Pradesh,Upper Siang,11484.6,Rice,6719.5,Rice: 6719.5ha; Maize: 1744.2ha; Small millets: 1402.0ha; Ginger: 301.2ha; Dry chillies: 288.5ha
Arunachal Pradesh,Upper Subansiri,9206.6,Rice,4747.0,Rice: 4747.0ha; Small millets: 1686.8ha; Maize: 1177.8ha; Potato: 258.0ha; Dry chillies: 243.5ha
Arunachal Pradesh,West Kameng,7905.5,Maize,3070.2,Maize: 3070.2ha; Small millets: 1264.0ha; Rice: 932.5ha; Wheat: 810.5ha; Potato: 466.5ha
Arunachal Pradesh,West Siang,19388.0,Rice,14239.0,Rice: 14239.0ha; Maize: 1729.5ha; Small millets: 1336.5ha; Rapeseed &Mustard: 993.8ha; Potato: 233.5ha
Assam,Baksa,68062.8,Rice,33041.6,Rice: 33041.6ha; Rapeseed &Mustard: 10856.2ha; Potato: 5156.8ha; Arecanut: 2909.2ha; Masoor: 2853.0ha
Assam,Barpeta,109605.6,Rice,40843.5,Rice: 40843.5ha; Rapeseed &Mustard: 18918.2ha; Potato: 8210.2ha; Jute: 5835.2ha; Urad: 5182.5ha
Assam,Biswanath,2858.0,Arecanut,2360.0,Arecanut: 2360.0ha; Coconut: 498.0ha
Assam,Bongaigaon,45838.8,Rice,18269.6,Rice: 18269.6ha; Rapeseed &Mustard: 7197.0ha; Potato: 2945.2ha; Urad: 2359.5ha; Jute: 2356.2ha
Assam,Cachar,55256.3,Rice,36620.2,Rice: 36620.2ha; Arecanut: 4184.2ha; Banana: 2855.0ha; Potato: 2426.0ha; Other Rabi pulses: 2358.0ha
Assam,Charaideo,1730.0,Arecanut,1230.0,Arecanut: 1230.0ha; Coconut: 500.0ha
Assam,Chirang,47047.7,Rice,14213.5,Rice: 14213.5ha; Rapeseed &Mustard: 13788.0ha; Potato: 3381.8ha; Arecanut: 3212.5ha; Masoor: 1971.5ha
Assam,Darrang,69038.4,Rice,23837.9,Rice: 23837.9ha; Rapeseed &Mustard: 14569.8ha; Maize: 6048.8ha; Potato: 5165.2ha; Jute: 4004.5ha
Assam,Dhemaji,51452.0,Rice,23384.7,Rice: 23384.7ha; Rapeseed &Mustard: 16538.8ha; Potato: 5102.5ha; Banana: 1279.2ha; Urad: 1063.2ha
Assam,Dhubri,85677.7,Rice,30252.3,Rice: 30252.3ha; Rapeseed &Mustard: 16768.8ha; Jute: 11615.0ha; Urad: 6818.8ha; Potato: 3973.2ha
Assam,Dibrugarh,35168.6,Rice,25571.0,Rice: 25571.0ha; Rapeseed &Mustard: 2455.5ha; Arecanut: 1527.8ha; Potato: 1166.2ha; Peas & beans (Pulses): 1069.8ha
Assam,Dima Hasao,32955.1,Rice,7134.0,Rice: 7134.0ha; Ginger: 4451.2ha; Sugarcane: 4062.2ha; Maize: 3412.2ha; Rapeseed &Mustard: 3303.8ha
Assam,Goalpara,57971.9,Rice,27146.4,Rice: 27146.4ha; Rapeseed &Mustard: 7851.5ha; Jute: 3464.0ha; Banana: 3076.0ha; Urad: 2330.2ha
Assam,Golaghat,69903.9,Rice,40912.5,Rice: 40912.5ha; Rapeseed &Mustard: 7770.5ha; Arecanut: 5216.0ha; Banana: 3111.8ha; Potato: 2241.2ha
Assam,Hailakandi,26127.4,Rice,14899.2,Rice: 14899.2ha; Arecanut: 2686.5ha; Other Rabi pulses: 2647.8ha; Banana: 1515.0ha; Wheat: 1238.0ha
Assam,Hojai,1179.0,Arecanut,684.0,Arecanut: 684.0ha; Coconut: 495.0ha
Assam,Jorhat,63808.3,Rice,32851.7,Rice: 32851.7ha; Rapeseed &Mustard: 10245.8ha; Urad: 5773.2ha; Arecanut: 2835.0ha; Peas & beans (Pulses): 2496.8ha
Assam,Kamrup,75265.6,Rice,35977.9,Rice: 35977.9ha; Rapeseed &Mustard: 11574.8ha; Jute: 4613.0ha; Potato: 4213.8ha; Arecanut: 3807.2ha
Assam,Kamrup Metro,12417.1,Rice,7449.2,Rice: 7449.2ha; Rapeseed &Mustard: 1485.2ha; Arecanut: 633.2ha; Banana: 632.0ha; Potato: 577.2ha
Assam,Karbi Anglong,111951.4,Rice,44953.4,Rice: 44953.4ha; Rapeseed &Mustard: 23112.0ha; Maize: 10443.2ha; Sugarcane: 7925.8ha; Sesamum: 3327.2ha
Assam,Karimganj,31700.2,Rice,22700.2,Rice: 22700.2ha; Arecanut: 2345.2ha; Potato: 1966.2ha; Banana: 1317.5ha; Coconut: 732.5ha
Assam,Kokrajhar,83384.6,Rice,33020.3,Rice: 33020.3ha; Rapeseed &Mustard: 23159.8ha; Potato: 7163.8ha; Jute: 3509.2ha; Urad: 1837.2ha
Assam,Lakhimpur,96994.9,Rice,40671.5,Rice: 40671.5ha; Rapeseed &Mustard: 24324.5ha; Urad: 10386.8ha; Potato: 8661.8ha; Arecanut: 2452.0ha
Assam,Majuli,515.0,Arecanut,380.0,Arecanut: 380.0ha; Coconut: 135.0ha
Assam,Marigaon,62835.4,Rice,29481.2,Rice: 29481.2ha; Rapeseed &Mustard: 10784.8ha; Jute: 6309.5ha; Potato: 2749.2ha; Banana: 1750.5ha
Assam,Nagaon,131381.1,Rice,65239.4,Rice: 65239.4ha; Rapeseed &Mustard: 15882.0ha; Jute: 10235.2ha; Potato: 6837.5ha; Sugarcane: 6542.2ha
Assam,Nalbari,55505.6,Rice,25488.6,Rice: 25488.6ha; Rapeseed &Mustard: 8645.0ha; Jute: 5590.2ha; Potato: 4670.8ha; Peas & beans (Pulses): 1679.2ha
Assam,Sivasagar,46238.6,Rice,34926.8,Rice: 34926.8ha; Rapeseed &Mustard: 2760.8ha; Arecanut: 1817.2ha; Banana: 1373.8ha; Peas & beans (Pulses): 1193.0ha
Assam,Sonitpur,117597.7,Rice,53835.0,Rice: 53835.0ha; Rapeseed &Mustard: 20023.8ha; Potato: 8214.2ha; Arecanut: 4763.0ha; Banana: 3852.5ha
Assam,South Salmara Mancachar,227.0,Arecanut,227.0,Arecanut: 227.0ha
Assam,Tinsukia,45017.8,Rice,20947.9,Rice: 20947.9ha; Rapeseed &Mustard: 8699.2ha; Potato: 3231.2ha; Banana: 2504.5ha; Urad: 2000.8ha
Assam,Udalguri,60754.4,Rice,29289.7,Rice: 29289.7ha; Potato: 7417.8ha; Rapeseed &Mustard: 6477.0ha; Jute: 4108.5ha; Arecanut: 2454.8ha
Assam,West Karbi Anglong,655.0,Arecanut,580.0,Arecanut: 580.0ha; Coconut: 75.0ha
Bihar,Araria,104196.8,Rice,33321.1,Rice: 33321.1ha; Wheat: 24726.5ha; Maize: 20063.7ha; Jute: 15138.8ha; Moong(Green Gram): 4309.2ha
Bihar,Arwal,57015.1,Rice,34077.2,Rice: 34077.2ha; Wheat: 15559.0ha; Masoor: 3378.5ha; Gram: 1152.2ha; Peas & beans (Pulses): 569.0ha
Bihar,Aurangabad,295319.0,Rice,173890.5,Rice: 173890.5ha; Wheat: 78297.8ha; Masoor: 19197.5ha; Khesari: 9640.2ha; Gram: 6782.5ha
Bihar,Banka,122215.9,Rice,79148.4,Rice: 79148.4ha; Wheat: 27746.0ha; Maize: 2682.2ha; Gram: 2663.2ha; Potato: 2217.5ha
Bihar,Begusarai,128934.0,Wheat,61984.0,Wheat: 61984.0ha; Maize: 18285.1ha; Soyabean: 17202.0ha; Rice: 9125.3ha; Rapeseed &Mustard: 7720.8ha
Bihar,Bhagalpur,107590.3,Wheat,48124.2,Wheat: 48124.2ha; Rice: 26351.2ha; Maize: 11988.1ha; Sugarcane: 2782.5ha; Gram: 2282.0ha
Bihar,Bhojpur,143309.7,Wheat,76546.0,Wheat: 76546.0ha; Rice: 44422.1ha; Gram: 4834.8ha; Masoor: 4443.8ha; Khesari: 3017.0ha
Bihar,Buxar,186678.6,Rice,86763.0,Rice: 86763.0ha; Wheat: 81545.2ha; Bajra: 2804.8ha; Masoor: 2795.2ha; Barley: 2757.2ha
Bihar,Darbhanga,100421.8,Wheat,57976.8,Wheat: 57976.8ha; Rice: 26012.8ha; Moong(Green Gram): 4211.4ha; Maize: 3471.4ha; Masoor: 2122.0ha
Bihar,Gaya,186880.5,Rice,93931.0,Rice: 93931.0ha; Wheat: 69102.0ha; Masoor: 6445.2ha; Gram: 4390.5ha; Potato: 3286.2ha
Bihar,Gopalganj,138732.2,Wheat,75278.5,Wheat: 75278.5ha; Rice: 33210.1ha; Sugarcane: 20166.5ha; Maize: 3896.8ha; Rapeseed &Mustard: 2516.0ha
Bihar,Jamui,91161.1,Rice,43426.8,Rice: 43426.8ha; Wheat: 33610.8ha; Gram: 2769.0ha; Arhar/Tur: 2555.0ha; Rapeseed &Mustard: 2287.2ha
Bihar,Jehanabad,72590.6,Rice,33039.0,Rice: 33039.0ha; Wheat: 23652.5ha; Masoor: 5708.5ha; Khesari: 5434.5ha; Gram: 2044.0ha
Bihar,Kaimur (Bhabua),218991.9,Rice,122104.0,Rice: 122104.0ha; Wheat: 80381.5ha; Gram: 3940.0ha; Masoor: 3902.8ha; Rapeseed &Mustard: 2069.8ha
Bihar,Katihar,109263.0,Rice,29124.7,Rice: 29124.7ha; Maize: 24130.7ha; Wheat: 20773.5ha; Jute: 18483.2ha; Rapeseed &Mustard: 3943.2ha
Bihar,Khagaria,68508.1,Wheat,28467.5,Wheat: 28467.5ha; Maize: 20167.3ha; Rice: 6537.2ha; Rapeseed &Mustard: 2979.8ha; Urad: 2286.8ha
Bihar,Kishanganj,74972.8,Rice,26161.5,Rice: 26161.5ha; Wheat: 17778.5ha; Jute: 15363.8ha; Moong(Green Gram): 3543.8ha; Linseed: 1824.8ha
Bihar,Lakhisarai,77022.1,Rice,33307.5,Rice: 33307.5ha; Wheat: 27638.8ha; Gram: 3463.8ha; Masoor: 3426.0ha; Maize: 3098.2ha
Bihar,Madhepura,89888.8,Rice,26793.6,Rice: 26793.6ha; Wheat: 25065.8ha; Maize: 13149.5ha; Moong(Green Gram): 8000.9ha; Jute: 4162.2ha
Bihar,Madhubani,180333.0,Wheat,90429.8,Wheat: 90429.8ha; Rice: 66837.3ha; Masoor: 8844.8ha; Moong(Green Gram): 8651.5ha; Potato: 2361.9ha
Bihar,Munger,31043.6,Wheat,13825.8,Wheat: 13825.8ha; Rice: 13279.0ha; Gram: 848.5ha; Maize: 751.3ha; Masoor: 652.8ha
Bihar,Muzaffarpur,210516.4,Wheat,108816.0,Wheat: 108816.0ha; Rice: 53816.8ha; Moong(Green Gram): 24541.0ha; Maize: 11076.7ha; Rapeseed &Mustard: 4867.0ha
Bihar,Nalanda,173380.7,Wheat,82237.8,Wheat: 82237.8ha; Rice: 55533.9ha; Masoor: 13438.0ha; Gram: 5125.8ha; Khesari: 3961.2ha
Bihar,Nawada,98561.2,Wheat,46849.2,Wheat: 46849.2ha; Rice: 39253.7ha; Masoor: 3265.5ha; Gram: 1819.0ha; Potato: 1023.5ha
Bihar,Pashchim Champaran,302700.6,Sugarcane,143973.0,Sugarcane: 143973.0ha; Wheat: 70301.2ha; Rice: 69934.1ha; Masoor: 8210.8ha; Rapeseed &Mustard: 3146.5ha
Bihar,Patna,152249.7,Wheat,65482.0,Wheat: 65482.0ha; Rice: 29326.3ha; Masoor: 27956.5ha; Khesari: 9130.8ha; Gram: 7243.2ha
Bihar,Purbi Champaran,267886.7,Wheat,118540.8,Wheat: 118540.8ha; Rice: 94298.8ha; Sugarcane: 22068.0ha; Maize: 15479.4ha; Masoor: 5758.0ha
Bihar,Purnia,90455.4,Rice,36659.2,Rice: 36659.2ha; Wheat: 20922.8ha; Maize: 12632.5ha; Jute: 10074.2ha; Potato: 4958.2ha
Bihar,Rohtas,357712.2,Rice,200449.8,Rice: 200449.8ha; Wheat: 140779.2ha; Gram: 3725.8ha; Masoor: 3182.0ha; Khesari: 2839.8ha
Bihar,Saharsa,109610.7,Wheat,49203.5,Wheat: 49203.5ha; Rice: 25302.1ha; Moong(Green Gram): 18240.8ha; Maize: 12116.7ha; Rapeseed &Mustard: 1456.8ha
Bihar,Samastipur,142988.2,Wheat,53469.5,Wheat: 53469.5ha; Rice: 31127.1ha; Maize: 21629.8ha; Rapeseed &Mustard: 7443.2ha; Potato: 7382.6ha
Bihar,Saran,134474.8,Wheat,84523.2,Wheat: 84523.2ha; Rice: 33015.5ha; Maize: 8183.7ha; Rapeseed &Mustard: 3139.2ha; Potato: 2324.9ha
Bihar,Sheikhpura,54751.6,Rice,25537.8,Rice: 25537.8ha; Wheat: 21846.2ha; Masoor: 2638.5ha; Khesari: 1116.2ha; Gram: 856.0ha
Bihar,Sheohar,30493.7,Wheat,14389.8,Wheat: 14389.8ha; Rice: 10909.4ha; Sugarcane: 1868.0ha; Masoor: 722.5ha; Moong(Green Gram): 596.9ha
Bihar,Sitamarhi,175080.7,Wheat,88272.2,Wheat: 88272.2ha; Rice: 48919.6ha; Sugarcane: 24466.8ha; Potato: 4543.5ha; Moong(Green Gram): 3382.8ha
Bihar,Siwan,148155.4,Wheat,90515.2,Wheat: 90515.2ha; Rice: 38951.4ha; Maize: 6039.4ha; Sugarcane: 2686.5ha; Potato: 2681.4ha
Bihar,Supaul,143979.6,Wheat,52590.2,Wheat: 52590.2ha; Rice: 34398.9ha; Moong(Green Gram): 17793.3ha; Jute: 10215.0ha; Mesta: 7560.8ha
Bihar,Vaishali,89461.8,Wheat,41239.2,Wheat: 41239.2ha; Rice: 18083.6ha; Maize: 10652.8ha; Tobacco: 5789.8ha; Potato: 4034.2ha
Chandigarh,Chandigarh,582.0,Wheat,547.0,Wheat: 547.0ha; Rice: 27.0ha; Maize: 8.0ha
Chhattisgarh,Balod,236556.5,Rice,188340.0,Rice: 188340.0ha; Khesari: 28559.2ha; Gram: 10288.2ha; Wheat: 2727.2ha; Sugarcane: 1730.8ha
Chhattisgarh,Baloda Bazar,252540.3,Rice,229782.5,Rice: 229782.5ha; Khesari: 8979.0ha; Wheat: 4404.2ha; Gram: 2505.8ha; Small millets: 1433.2ha
Chhattisgarh,Balrampur,174358.2,Rice,85381.0,Rice: 85381.0ha; Maize: 23901.0ha; Wheat: 8898.8ha; Niger seed: 8859.2ha; Rapeseed &Mustard: 8245.2ha
Chhattisgarh,Bastar,165821.0,Rice,131123.0,Rice: 131123.0ha; Maize: 10187.0ha; Small millets: 9491.0ha; Niger seed: 5910.2ha; Horse-gram: 2090.2ha
Chhattisgarh,Bemetara,346534.6,Rice,176261.0,Rice: 176261.0ha; Gram: 98424.8ha; Soyabean: 27637.8ha; Wheat: 16265.2ha; Khesari: 16092.0ha
Chhattisgarh,Bijapur,65353.4,Rice,63548.2,Rice: 63548.2ha; Maize: 535.8ha; Jowar: 223.0ha; Moong(Green Gram): 218.5ha; Urad: 175.1ha
Chhattisgarh,Bilaspur,237433.3,Rice,210796.5,Rice: 210796.5ha; Khesari: 9158.2ha; Wheat: 5878.0ha; Gram: 2007.2ha; Maize: 2003.8ha
Chhattisgarh,Dantewada,94887.7,Rice,70853.0,Rice: 70853.0ha; Small millets: 18609.2ha; Maize: 2496.8ha; Rapeseed &Mustard: 627.0ha; Other Kharif pulses: 357.5ha
Chhattisgarh,Dhamtari,212276.1,Rice,173953.2,Rice: 173953.2ha; Khesari: 16993.2ha; Gram: 13332.0ha; Wheat: 2057.8ha; Maize: 1596.5ha
Chhattisgarh,Durg,179303.7,Rice,134420.0,Rice: 134420.0ha; Gram: 17715.5ha; Khesari: 9016.2ha; Wheat: 7954.2ha; Soyabean: 4192.8ha
Chhattisgarh,Gariyaband,154456.3,Rice,142785.8,Rice: 142785.8ha; Maize: 5685.5ha; Khesari: 1951.0ha; Urad: 611.9ha; Moong(Green Gram): 512.9ha
Chhattisgarh,Gaurella-Pendra-Marwahi,66668.8,Rice,59718.0,Rice: 59718.0ha; Maize: 1879.0ha; Wheat: 1086.0ha; Gram: 701.0ha; Small millets: 651.0ha
Chhattisgarh,Janjgir-Champa,265944.2,Rice,258157.5,Rice: 258157.5ha; Wheat: 1546.2ha; Khesari: 1312.5ha; Arhar/Tur: 646.0ha; Groundnut: 546.2ha
Chhattisgarh,Jashpur,247457.1,Rice,183413.2,Rice: 183413.2ha; Niger seed: 20264.5ha; Urad: 11891.8ha; Maize: 5462.8ha; Groundnut: 4564.2ha
Chhattisgarh,Kabirdham,275557.8,Rice,114746.8,Rice: 114746.8ha; Gram: 83603.8ha; Soyabean: 24048.0ha; Sugarcane: 21856.8ha; Wheat: 7547.5ha
Chhattisgarh,Kanker,217363.3,Rice,187106.8,Rice: 187106.8ha; Maize: 9832.8ha; Small millets: 7022.8ha; Horse-gram: 4331.4ha; Urad: 2193.5ha
Chhattisgarh,Kondagaon,138267.0,Rice,106360.5,Rice: 106360.5ha; Maize: 15744.2ha; Urad: 5296.3ha; Horse-gram: 4096.2ha; Ragi: 2238.8ha
Chhattisgarh,Korba,126996.0,Rice,108815.0,Rice: 108815.0ha; Horse-gram: 3905.8ha; Maize: 3660.8ha; Urad: 1631.1ha; Rapeseed &Mustard: 1614.0ha
Chhattisgarh,Korea,105392.7,Rice,69168.0,Rice: 69168.0ha; Maize: 7251.8ha; Small millets: 5409.5ha; Urad: 4083.0ha; Arhar/Tur: 3591.2ha
Chhattisgarh,Mahasamund,300293.6,Rice,287255.5,Rice: 287255.5ha; Urad: 3446.1ha; Groundnut: 3307.0ha; Wheat: 1546.2ha; Khesari: 1352.2ha
Chhattisgarh,Mungeli,218975.7,Rice,118482.2,Rice: 118482.2ha; Khesari: 68126.5ha; Gram: 17011.2ha; Wheat: 5687.8ha; Soyabean: 4616.8ha
Chhattisgarh,Narayanpur,31236.2,Rice,24420.5,Rice: 24420.5ha; Small millets: 2010.2ha; Horse-gram: 1581.5ha; Urad: 1066.2ha; Maize: 1050.0ha
Chhattisgarh,Raigarh,274303.2,Rice,238970.5,Rice: 238970.5ha; Urad: 7456.5ha; Groundnut: 5304.2ha; Wheat: 4309.2ha; Sesamum: 2482.2ha
Chhattisgarh,Raipur,195975.5,Rice,170641.2,Rice: 170641.2ha; Khesari: 12191.5ha; Wheat: 3929.0ha; Gram: 3248.8ha; Rapeseed &Mustard: 1646.2ha
Chhattisgarh,Rajnandgaon,492560.1,Rice,308912.2,Rice: 308912.2ha; Gram: 88860.0ha; Soyabean: 25201.2ha; Khesari: 19955.0ha; Wheat: 14780.5ha
Chhattisgarh,Sukma,101195.2,Rice,83622.5,Rice: 83622.5ha; Small millets: 8973.8ha; Maize: 2428.5ha; Sesamum: 1914.8ha; Jowar: 780.5ha
Chhattisgarh,Surajpur,164775.0,Rice,110437.8,Rice: 110437.8ha; Maize: 10286.8ha; Wheat: 5827.5ha; Rapeseed &Mustard: 3937.2ha; Arhar/Tur: 3764.5ha
Chhattisgarh,Surguja,170228.7,Rice,116469.2,Rice: 116469.2ha; Maize: 9317.0ha; Niger seed: 7402.2ha; Wheat: 5451.0ha; Rapeseed &Mustard: 5184.0ha
Dadra and Nagar Haveli,Dadra And Nagar Haveli,12287.9,Rice,7701.5,Rice: 7701.5ha; Urad: 985.0ha; Ragi: 961.7ha; Arhar/Tur: 846.4ha; Other Kharif pulses: 698.0ha
Daman and Diu,Daman,1738.3,Rice,1738.3,Rice: 1738.3ha
Daman and Diu,Diu,479.3,Bajra,479.3,Bajra: 479.3ha
Delhi,Delhi_Total,33331.5,Wheat,19435.2,Wheat: 19435.2ha; Rice: 5880.8ha; Rapeseed &Mustard: 3250.0ha; Jowar: 3174.8ha; Bajra: 1485.5ha
Goa,North Goa,61767.2,Cashewnut,37292.0,Cashewnut: 37292.0ha; Coconut: 9273.2ha; Rice: 7853.6ha; Other Rabi pulses: 4470.0ha; Banana: 957.5ha
Goa,South Goa,52614.5,Cashewnut,19177.0,Cashewnut: 19177.0ha; Coconut: 16978.0ha; Rice: 10949.5ha; Banana: 1476.0ha; Arecanut: 1332.5ha
Gujarat,Ahmadabad,423187.5,Wheat,140081.0,Wheat: 140081.0ha; Cotton(lint): 107255.0ha; Rice: 71622.0ha; Castor seed: 50453.5ha; Gram: 34468.2ha
Gujarat,Amreli,479780.5,Cotton(lint),382086.0,Cotton(lint): 382086.0ha; Groundnut: 61425.4ha; Wheat: 12370.8ha; Gram: 7491.5ha; Sesamum: 3275.6ha
Gujarat,Anand,191908.7,Wheat,58941.8,Wheat: 58941.8ha; Rice: 55398.8ha; Tobacco: 34341.2ha; Bajra: 19243.1ha; Banana: 6993.5ha
Gujarat,Aravalli,225423.6,Wheat,64749.5,Wheat: 64749.5ha; Cotton(lint): 38603.5ha; Groundnut: 23096.1ha; Castor seed: 22131.2ha; Potato: 19743.0ha
Gujarat,Banas Kantha,646474.7,Rapeseed &Mustard,138702.8,Rapeseed &Mustard: 138702.8ha; Bajra: 103431.8ha; Castor seed: 91722.0ha; Potato: 71351.2ha; Groundnut: 69584.8ha
Gujarat,Bharuch,252505.4,Arhar/Tur,82335.2,Arhar/Tur: 82335.2ha; Cotton(lint): 79019.5ha; Sugarcane: 31850.0ha; Wheat: 17735.0ha; Other Rabi pulses: 10750.0ha
Gujarat,Bhavnagar,326953.4,Cotton(lint),219994.2,Cotton(lint): 219994.2ha; Groundnut: 50277.5ha; Bajra: 15715.1ha; Onion: 12744.9ha; Wheat: 12507.2ha
Gujarat,Botad,181616.3,Cotton(lint),165677.8,Cotton(lint): 165677.8ha; Wheat: 7799.8ha; Sesamum: 3190.5ha; Gram: 1909.0ha; Groundnut: 1219.3ha
Gujarat,Chhotaudepur,165481.6,Cotton(lint),79062.8,Cotton(lint): 79062.8ha; Arhar/Tur: 24534.2ha; Rice: 19022.8ha; Maize: 18565.8ha; Soyabean: 10777.2ha
Gujarat,Dang,67100.1,Rice,22546.0,Rice: 22546.0ha; Gram: 14861.8ha; Ragi: 9907.2ha; Urad: 5967.8ha; Arhar/Tur: 2968.0ha
Gujarat,Devbhumi Dwarka,128180.9,Groundnut,91788.9,Groundnut: 91788.9ha; Cotton(lint): 20738.8ha; Wheat: 4644.8ha; Gram: 3770.2ha; Sesamum: 2897.1ha
Gujarat,Dohad,249199.4,Maize,58642.8,Maize: 58642.8ha; Wheat: 49896.8ha; Rice: 41911.2ha; Soyabean: 40664.5ha; Gram: 36742.0ha
Gujarat,Gandhinagar,116731.4,Wheat,28062.0,Wheat: 28062.0ha; Castor seed: 25821.0ha; Cotton(lint): 23119.8ha; Guar seed: 9735.2ha; Potato: 8729.5ha
Gujarat,Gir Somnath,160458.8,Groundnut,53957.5,Groundnut: 53957.5ha; Wheat: 49164.2ha; Cotton(lint): 15379.5ha; Gram: 13396.8ha; Soyabean: 4645.2ha
Gujarat,Jamnagar,285668.5,Cotton(lint),171364.5,Cotton(lint): 171364.5ha; Groundnut: 68807.2ha; Wheat: 15189.0ha; Gram: 14930.0ha; Castor seed: 6214.0ha
Gujarat,Junagadh,294772.4,Groundnut,122728.0,Groundnut: 122728.0ha; Cotton(lint): 63415.2ha; Wheat: 54625.5ha; Gram: 28521.0ha; Soyabean: 4078.5ha
Gujarat,Kachchh,354712.7,Castor seed,87714.0,Castor seed: 87714.0ha; Guar seed: 65988.8ha; Cotton(lint): 54468.5ha; Moong(Green Gram): 28509.8ha; Wheat: 24432.5ha
Gujarat,Kheda,236089.2,Wheat,75726.8,Wheat: 75726.8ha; Rice: 59411.1ha; Tobacco: 31395.8ha; Bajra: 19139.2ha; Cotton(lint): 17972.0ha
Gujarat,Mahesana,269505.8,Castor seed,80345.0,Castor seed: 80345.0ha; Wheat: 65825.0ha; Cotton(lint): 36953.0ha; Rapeseed &Mustard: 17308.8ha; Guar seed: 14928.0ha
Gujarat,Mahisagar,89912.0,Wheat,20336.5,Wheat: 20336.5ha; Rice: 20054.1ha; Maize: 16303.8ha; Cotton(lint): 8542.8ha; Gram: 6415.0ha
Gujarat,Morbi,280297.3,Cotton(lint),183692.8,Cotton(lint): 183692.8ha; Groundnut: 54353.9ha; Wheat: 14793.2ha; Castor seed: 10540.5ha; Sesamum: 4709.2ha
Gujarat,Narmada,105832.6,Cotton(lint),45620.2,Cotton(lint): 45620.2ha; Arhar/Tur: 21354.8ha; Rice: 11764.2ha; Banana: 7964.2ha; Sugarcane: 6231.8ha
Gujarat,Navsari,47586.7,Rice,27602.1,Rice: 27602.1ha; Sugarcane: 14852.0ha; Gram: 1329.2ha; Other Rabi pulses: 1177.8ha; Arhar/Tur: 1003.0ha
Gujarat,Panch Mahals,113845.5,Maize,28068.6,Maize: 28068.6ha; Rice: 27299.0ha; Arhar/Tur: 16971.2ha; Wheat: 16475.2ha; Cotton(lint): 11421.2ha
Gujarat,Patan,272028.9,Castor seed,79960.5,Castor seed: 79960.5ha; Cotton(lint): 42354.8ha; Wheat: 33261.0ha; Urad: 28427.8ha; Guar seed: 27829.5ha
Gujarat,Porbandar,112187.5,Groundnut,62063.0,Groundnut: 62063.0ha; Gram: 14608.8ha; Jowar: 10675.0ha; Cotton(lint): 10206.2ha; Wheat: 9753.8ha
Gujarat,Rajkot,465516.3,Cotton(lint),244812.0,Cotton(lint): 244812.0ha; Groundnut: 126766.6ha; Wheat: 55512.2ha; Gram: 15198.5ha; Castor seed: 8708.8ha
Gujarat,Sabar Kantha,257774.3,Wheat,84161.2,Wheat: 84161.2ha; Cotton(lint): 70061.8ha; Groundnut: 25828.8ha; Castor seed: 22654.5ha; Potato: 9726.5ha
Gujarat,Surat,143855.9,Sugarcane,76921.8,Sugarcane: 76921.8ha; Rice: 23366.5ha; Soyabean: 10746.2ha; Arhar/Tur: 9653.2ha; Jowar: 5613.8ha
Gujarat,Surendranagar,505649.8,Cotton(lint),364568.0,Cotton(lint): 364568.0ha; Castor seed: 49560.5ha; Wheat: 41654.0ha; Gram: 16673.8ha; Groundnut: 10332.8ha
Gujarat,Tapi,108470.8,Rice,29174.9,Rice: 29174.9ha; Sugarcane: 22368.8ha; Arhar/Tur: 17838.2ha; Soyabean: 11979.8ha; Cotton(lint): 6699.8ha
Gujarat,Vadodara,223458.4,Cotton(lint),77470.5,Cotton(lint): 77470.5ha; Arhar/Tur: 40902.2ha; Castor seed: 38990.0ha; Wheat: 23881.8ha; Rice: 14305.6ha
Gujarat,Valsad,72035.4,Rice,37735.8,Rice: 37735.8ha; Arhar/Tur: 7920.0ha; Sugarcane: 7041.5ha; Urad: 5565.2ha; Other Rabi pulses: 5026.8ha
Haryana,Ambala,199037.9,Wheat,88275.0,Wheat: 88275.0ha; Rice: 85975.0ha; Sugarcane: 11125.0ha; Onion: 3281.2ha; Potato: 3217.2ha
Haryana,Bhiwani,553708.3,Rapeseed &Mustard,138050.0,Rapeseed &Mustard: 138050.0ha; Wheat: 129450.0ha; Cotton(lint): 94500.0ha; Bajra: 77600.0ha; Guar seed: 54722.3ha
Haryana,Charki Dadri,220639.4,Rapeseed &Mustard,56266.7,Rapeseed &Mustard: 56266.7ha; Wheat: 53166.7ha; Bajra: 44100.0ha; Cotton(lint): 32033.3ha; Guar seed: 18153.0ha
Haryana,Faridabad,50210.9,Wheat,30075.0,Wheat: 30075.0ha; Rice: 13475.0ha; Bajra: 3250.0ha; Jowar: 1060.0ha; Sugarcane: 600.0ha
Haryana,Fatehabad,415125.7,Wheat,189075.0,Wheat: 189075.0ha; Rice: 121625.0ha; Cotton(lint): 67750.0ha; Rapeseed &Mustard: 16250.0ha; Guar seed: 11756.0ha
Haryana,Gurgaon,101772.5,Wheat,43650.0,Wheat: 43650.0ha; Bajra: 31500.0ha; Rapeseed &Mustard: 14375.0ha; Rice: 5275.0ha; Cotton(lint): 2700.0ha
Haryana,Hisar,608270.3,Wheat,223825.0,Wheat: 223825.0ha; Cotton(lint): 133050.0ha; Rice: 74600.0ha; Rapeseed &Mustard: 70675.0ha; Guar seed: 46015.3ha
Haryana,Jhajjar,234141.2,Wheat,102750.0,Wheat: 102750.0ha; Rice: 43300.0ha; Bajra: 35800.0ha; Rapeseed &Mustard: 28250.0ha; Cotton(lint): 9225.0ha
Haryana,Jind,436059.7,Wheat,209925.0,Wheat: 209925.0ha; Rice: 139375.0ha; Cotton(lint): 60925.0ha; Bajra: 12350.0ha; Rapeseed &Mustard: 5050.0ha
Haryana,Kaithal,368337.6,Wheat,185950.0,Wheat: 185950.0ha; Rice: 166175.0ha; Cotton(lint): 6625.0ha; Sugarcane: 4675.0ha; Bajra: 1650.0ha
Haryana,Karnal,383788.9,Wheat,182475.0,Wheat: 182475.0ha; Rice: 176175.0ha; Sugarcane: 12600.0ha; Potato: 5298.8ha; Onion: 1797.5ha
Haryana,Kurukshetra,261957.5,Rice,118950.0,Rice: 118950.0ha; Wheat: 110500.0ha; Sugarcane: 11600.0ha; Potato: 8665.0ha; Sunflower: 4950.0ha
Haryana,Mahendragarh,286022.1,Bajra,102500.0,Bajra: 102500.0ha; Rapeseed &Mustard: 89425.0ha; Wheat: 45000.0ha; Cotton(lint): 24050.0ha; Guar seed: 14564.7ha
Haryana,Mewat,164874.6,Wheat,78300.0,Wheat: 78300.0ha; Bajra: 26575.0ha; Rapeseed &Mustard: 23400.0ha; Rice: 10575.0ha; Jowar: 9632.5ha
Haryana,Palwal,175253.7,Wheat,96575.0,Wheat: 96575.0ha; Rice: 36025.0ha; Cotton(lint): 17650.0ha; Bajra: 8550.0ha; Jowar: 7587.5ha
Haryana,Panchkula,41635.2,Wheat,18200.0,Wheat: 18200.0ha; Rice: 10875.0ha; Maize: 3815.0ha; Potato: 2314.5ha; Onion: 1831.5ha
Haryana,Panipat,175302.3,Wheat,84775.0,Wheat: 84775.0ha; Rice: 78550.0ha; Sugarcane: 6875.0ha; Potato: 1286.2ha; Onion: 1054.8ha
Haryana,Rewari,198112.5,Rapeseed &Mustard,69875.0,Rapeseed &Mustard: 69875.0ha; Bajra: 67000.0ha; Wheat: 43200.0ha; Cotton(lint): 11075.0ha; Rice: 2175.0ha
Haryana,Rohtak,217487.7,Wheat,105125.0,Wheat: 105125.0ha; Rice: 52750.0ha; Cotton(lint): 14175.0ha; Rapeseed &Mustard: 11050.0ha; Bajra: 10825.0ha
Haryana,Sirsa,711353.0,Wheat,297450.0,Wheat: 297450.0ha; Cotton(lint): 192375.0ha; Rice: 95550.0ha; Guar seed: 57473.0ha; Rapeseed &Mustard: 51575.0ha
Haryana,Sonipat,288447.2,Wheat,144850.0,Wheat: 144850.0ha; Rice: 110200.0ha; Sugarcane: 8275.0ha; Bajra: 5950.0ha; Jowar: 4640.0ha
Haryana,Yamunanagar,207254.1,Wheat,90575.0,Wheat: 90575.0ha; Rice: 78175.0ha; Sugarcane: 23425.0ha; Potato: 6070.0ha; Onion: 2923.2ha
Himachal Pradesh,Bilaspur,50185.0,Maize,24180.5,Maize: 24180.5ha; Wheat: 23740.0ha; Rice: 1427.8ha; Rapeseed &Mustard: 171.5ha; Barley: 133.5ha
Himachal Pradesh,Chamba,59364.8,Maize,26340.2,Maize: 26340.2ha; Wheat: 18359.5ha; Barley: 4154.5ha; Rice: 2714.0ha; Rapeseed &Mustard: 2280.2ha
Himachal Pradesh,Hamirpur,63695.2,Maize,30869.8,Maize: 30869.8ha; Wheat: 30532.8ha; Rice: 1845.5ha; Rapeseed &Mustard: 155.0ha; Barley: 63.2ha
Himachal Pradesh,Kangra,186137.0,Wheat,85518.5,Wheat: 85518.5ha; Maize: 55708.8ha; Rice: 33665.2ha; Barley: 2417.0ha; Rapeseed &Mustard: 1928.0ha
Himachal Pradesh,Kinnaur,2879.7,Small millets,1279.8,Small millets: 1279.8ha; Barley: 792.8ha; Peas & beans (Pulses): 348.4ha; Wheat: 180.5ha; Maize: 136.2ha
Himachal Pradesh,Kullu,41522.5,Wheat,17650.2,Wheat: 17650.2ha; Maize: 15352.8ha; Barley: 2338.2ha; Other Rabi pulses: 1451.0ha; Rice: 1315.0ha
Himachal Pradesh,Lahul And Spiti,1958.7,Potato,651.2,Potato: 651.2ha; Peas & beans (Pulses): 624.5ha; Barley: 501.2ha; Wheat: 69.8ha; Rapeseed &Mustard: 44.8ha
Himachal Pradesh,Mandi,137317.4,Wheat,59626.8,Wheat: 59626.8ha; Maize: 47749.0ha; Rice: 18335.0ha; Barley: 3023.8ha; Other Rabi pulses: 1568.3ha
Himachal Pradesh,Shimla,32300.5,Wheat,9789.8,Wheat: 9789.8ha; Maize: 9291.0ha; Barley: 2848.0ha; Small millets: 1857.0ha; Other Rabi pulses: 1750.7ha
Himachal Pradesh,Sirmaur,63433.1,Wheat,25595.0,Wheat: 25595.0ha; Maize: 19034.5ha; Rice: 5910.5ha; Garlic: 2528.5ha; Barley: 2078.0ha
Himachal Pradesh,Solan,56567.8,Wheat,26698.5,Wheat: 26698.5ha; Maize: 20646.5ha; Rice: 3910.0ha; Barley: 1615.5ha; Ginger: 946.5ha
Himachal Pradesh,Una,62978.8,Maize,30076.0,Maize: 30076.0ha; Wheat: 28910.0ha; Rice: 1644.5ha; Rapeseed &Mustard: 1154.0ha; Potato: 470.8ha
Jammu and Kashmir,Anantnag,46657.0,Rice,22345.5,Rice: 22345.5ha; Rapeseed &Mustard: 13016.0ha; Maize: 10848.5ha; Moth: 157.8ha; Other Kharif pulses: 87.0ha
Jammu and Kashmir,Badgam,37577.4,Rice,24548.0,Rice: 24548.0ha; Maize: 6284.2ha; Rapeseed &Mustard: 4339.2ha; Wheat: 1515.8ha; Other Kharif pulses: 296.2ha
Jammu and Kashmir,Bandipora,20372.4,Rice,10806.0,Rice: 10806.0ha; Maize: 5800.5ha; Rapeseed &Mustard: 1535.0ha; Other Kharif pulses: 911.0ha; Moth: 575.0ha
Jammu and Kashmir,Baramulla,42474.8,Rice,20634.2,Rice: 20634.2ha; Maize: 20067.2ha; Other Kharif pulses: 749.2ha; Cowpea(Lobia): 213.0ha; Moong(Green Gram): 204.2ha
Jammu and Kashmir,Doda,33679.0,Maize,24212.8,Maize: 24212.8ha; Wheat: 4188.2ha; Rice: 1474.8ha; Barley: 1186.2ha; Rapeseed &Mustard: 931.0ha
Jammu and Kashmir,Ganderbal,15292.5,Rice,7850.2,Rice: 7850.2ha; Maize: 3780.0ha; Rapeseed &Mustard: 1868.5ha; Sesamum: 1597.0ha; Onion: 76.5ha
Jammu and Kashmir,Jammu,170299.6,Wheat,74294.5,Wheat: 74294.5ha; Rice: 61616.2ha; Maize: 21977.8ha; Bajra: 4281.5ha; Other Cereals: 2586.7ha
Jammu and Kashmir,Kargil,10991.5,Other Cereals,4057.0,Other Cereals: 4057.0ha; Ragi: 3958.5ha; Wheat: 1559.7ha; Small millets: 868.0ha; Peas & beans (Pulses): 507.8ha
Jammu and Kashmir,Kathua,107184.8,Wheat,48793.2,Wheat: 48793.2ha; Rice: 33532.2ha; Maize: 16107.8ha; Urad: 2506.8ha; Rapeseed &Mustard: 1937.4ha
Jammu and Kashmir,Kishtwar,17984.7,Maize,11037.0,Maize: 11037.0ha; Wheat: 2239.0ha; Small millets: 1310.0ha; Rice: 1192.8ha; Barley: 762.5ha
Jammu and Kashmir,Kulgam,24239.9,Rice,13048.2,Rice: 13048.2ha; Rapeseed &Mustard: 7038.2ha; Maize: 3483.8ha; Onion: 217.2ha; Other Kharif pulses: 186.5ha
Jammu and Kashmir,Kupwara,36005.2,Maize,18526.2,Maize: 18526.2ha; Rice: 17374.2ha; Potato: 58.8ha; Small millets: 32.0ha; Onion: 8.0ha
Jammu and Kashmir,Leh Ladakh,11221.8,Bajra,4542.0,Bajra: 4542.0ha; Wheat: 2497.7ha; Ragi: 2312.5ha; Other Cereals: 1103.8ha; Small millets: 324.2ha
Jammu and Kashmir,Poonch,42520.0,Maize,23728.0,Maize: 23728.0ha; Wheat: 15550.8ha; Rice: 2854.5ha; Rapeseed &Mustard: 120.0ha; Garlic: 114.0ha
Jammu and Kashmir,Pulwama,25801.9,Rice,12625.0,Rice: 12625.0ha; Rapeseed &Mustard: 9534.2ha; Maize: 2628.8ha; Wheat: 307.5ha; Potato: 176.5ha
Jammu and Kashmir,Rajauri,100625.9,Maize,46998.2,Maize: 46998.2ha; Wheat: 46358.2ha; Rice: 4578.2ha; Rapeseed &Mustard: 1051.5ha; Bajra: 566.8ha
Jammu and Kashmir,Ramban,23886.9,Maize,15928.2,Maize: 15928.2ha; Wheat: 4870.2ha; Rice: 2695.5ha; Rapeseed &Mustard: 308.0ha; Barley: 47.0ha
Jammu and Kashmir,Reasi,37411.2,Maize,19247.0,Maize: 19247.0ha; Wheat: 14258.5ha; Rice: 2227.0ha; Rapeseed &Mustard: 987.0ha; Bajra: 347.8ha
Jammu and Kashmir,Samba,61130.8,Wheat,27661.2,Wheat: 27661.2ha; Rice: 19020.5ha; Maize: 4118.2ha; Bajra: 4075.0ha; Sesamum: 1963.2ha
Jammu and Kashmir,Shopian,1290.2,Maize,481.8,Maize: 481.8ha; Rice: 291.8ha; Rapeseed &Mustard: 276.2ha; Potato: 222.2ha; Other Kharif pulses: 14.2ha
Jammu and Kashmir,Srinagar,3969.5,Rice,2903.0,Rice: 2903.0ha; Rapeseed &Mustard: 219.5ha; Garlic: 188.8ha; Potato: 133.8ha; Dry chillies: 123.0ha
Jammu and Kashmir,Udhampur,82860.0,Wheat,37408.0,Wheat: 37408.0ha; Maize: 26825.0ha; Rice: 13269.5ha; Rapeseed &Mustard: 1444.8ha; Urad: 1391.0ha
Jharkhand,Bokaro,57312.8,Rice,20664.6,Rice: 20664.6ha; Rapeseed &Mustard: 6863.5ha; Maize: 6019.8ha; Arhar/Tur: 5701.5ha; Gram: 4739.5ha
Jharkhand,Chatra,91917.1,Rice,29470.8,Rice: 29470.8ha; Gram: 12104.5ha; Rapeseed &Mustard: 10382.2ha; Wheat: 9134.0ha; Arhar/Tur: 6195.8ha
Jharkhand,Deoghar,72407.8,Rice,31261.2,Rice: 31261.2ha; Wheat: 7548.5ha; Rapeseed &Mustard: 6734.8ha; Maize: 5806.6ha; Arhar/Tur: 5709.0ha
Jharkhand,Dhanbad,49501.4,Rice,29680.0,Rice: 29680.0ha; Rapeseed &Mustard: 6194.3ha; Gram: 2930.0ha; Arhar/Tur: 2106.3ha; Wheat: 2017.5ha
Jharkhand,Dumka,148908.8,Rice,72792.4,Rice: 72792.4ha; Rapeseed &Mustard: 13350.5ha; Arhar/Tur: 10698.2ha; Maize: 10658.3ha; Wheat: 10270.0ha
Jharkhand,East Singhbum,115158.8,Rice,68845.4,Rice: 68845.4ha; Rapeseed &Mustard: 6940.8ha; Arhar/Tur: 6883.0ha; Gram: 4746.5ha; Maize: 4661.3ha
Jharkhand,Garhwa,121501.7,Rice,32725.8,Rice: 32725.8ha; Arhar/Tur: 17414.8ha; Wheat: 15157.0ha; Rapeseed &Mustard: 14166.8ha; Maize: 11197.7ha
Jharkhand,Giridih,114240.2,Rice,58795.0,Rice: 58795.0ha; Maize: 11126.1ha; Wheat: 9580.8ha; Rapeseed &Mustard: 8610.8ha; Gram: 6486.8ha
Jharkhand,Godda,87529.0,Rice,29909.4,Rice: 29909.4ha; Wheat: 12882.2ha; Rapeseed &Mustard: 10839.5ha; Gram: 8354.8ha; Maize: 6498.6ha
Jharkhand,Gumla,221986.3,Rice,147983.8,Rice: 147983.8ha; Rapeseed &Mustard: 12109.0ha; Urad: 8372.8ha; Arhar/Tur: 8347.0ha; Wheat: 8079.2ha
Jharkhand,Hazaribagh,100509.8,Rice,43660.8,Rice: 43660.8ha; Rapeseed &Mustard: 10148.2ha; Wheat: 10117.2ha; Gram: 9795.0ha; Maize: 6089.3ha
Jharkhand,Jamtara,66997.9,Rice,44186.5,Rice: 44186.5ha; Rapeseed &Mustard: 6934.2ha; Wheat: 5030.0ha; Maize: 4620.1ha; Gram: 1716.8ha
Jharkhand,Khunti,91631.4,Rice,50260.6,Rice: 50260.6ha; Rapeseed &Mustard: 8759.0ha; Urad: 5367.0ha; Arhar/Tur: 4706.5ha; Wheat: 4245.5ha
Jharkhand,Koderma,51311.1,Rice,9591.4,Rice: 9591.4ha; Rapeseed &Mustard: 7335.8ha; Gram: 6962.2ha; Wheat: 6223.0ha; Arhar/Tur: 5013.0ha
Jharkhand,Latehar,101599.9,Rice,19588.4,Rice: 19588.4ha; Arhar/Tur: 18230.8ha; Maize: 16384.5ha; Rapeseed &Mustard: 11623.8ha; Gram: 8759.2ha
Jharkhand,Lohardaga,70224.1,Rice,31865.4,Rice: 31865.4ha; Rapeseed &Mustard: 6792.5ha; Gram: 4686.0ha; Arhar/Tur: 4628.0ha; Wheat: 4180.8ha
Jharkhand,Pakur,83572.8,Rice,35239.0,Rice: 35239.0ha; Rapeseed &Mustard: 9422.5ha; Gram: 7338.8ha; Wheat: 6484.5ha; Arhar/Tur: 6066.8ha
Jharkhand,Palamu,157939.9,Rice,33811.0,Rice: 33811.0ha; Arhar/Tur: 28280.0ha; Wheat: 16348.2ha; Rapeseed &Mustard: 15897.0ha; Maize: 15199.6ha
Jharkhand,Ramgarh,59727.2,Rice,25829.8,Rice: 25829.8ha; Rapeseed &Mustard: 6605.0ha; Gram: 6239.5ha; Maize: 4574.8ha; Arhar/Tur: 3953.2ha
Jharkhand,Ranchi,206922.4,Rice,125539.8,Rice: 125539.8ha; Wheat: 12199.8ha; Rapeseed &Mustard: 11138.8ha; Arhar/Tur: 9630.2ha; Gram: 8951.0ha
Jharkhand,Sahebganj,85485.8,Rice,32485.0,Rice: 32485.0ha; Wheat: 9490.8ha; Rapeseed &Mustard: 9442.8ha; Gram: 6162.5ha; Maize: 5923.6ha
Jharkhand,Saraikela Kharsawan,109120.1,Rice,57298.4,Rice: 57298.4ha; Rapeseed &Mustard: 8184.2ha; Gram: 7630.0ha; Arhar/Tur: 6889.0ha; Urad: 6755.8ha
Jharkhand,Simdega,149361.1,Rice,62177.6,Rice: 62177.6ha; Urad: 19198.2ha; Arhar/Tur: 11300.0ha; Rapeseed &Mustard: 10092.8ha; Gram: 9306.2ha
Jharkhand,West Singhbhum,189736.5,Rice,124631.0,Rice: 124631.0ha; Linseed: 12251.7ha; Rapeseed &Mustard: 7405.0ha; Gram: 7197.0ha; Urad: 7037.5ha
Karnataka,Bagalkot,439306.7,Gram,105200.0,Gram: 105200.0ha; Sugarcane: 91176.3ha; Jowar: 50959.2ha; Moong(Green Gram): 40318.3ha; Arhar/Tur: 34276.3ha
Karnataka,Bagalkote,353577.5,Sugarcane,82455.0,Sugarcane: 82455.0ha; Gram: 80228.0ha; Arhar/Tur: 50933.0ha; Jowar: 25557.7ha; Wheat: 21038.0ha
Karnataka,Ballari,312588.3,Rice,65587.5,Rice: 65587.5ha; Maize: 64194.7ha; Groundnut: 32720.0ha; Dry chillies: 30401.0ha; Cotton(lint): 28449.0ha
Karnataka,Bangalore Rural,27258.6,Ragi,13554.6,Ragi: 13554.6ha; Maize: 3139.6ha; Coconut: 2970.0ha; Arecanut: 2484.2ha; Arhar/Tur: 1064.5ha
Karnataka,Belagavi,691947.2,Sugarcane,189896.0,Sugarcane: 189896.0ha; Gram: 107909.0ha; Soyabean: 83238.0ha; Maize: 61002.3ha; Wheat: 49886.0ha
Karnataka,Belgaum,691498.7,Sugarcane,193034.7,Sugarcane: 193034.7ha; Gram: 106589.3ha; Soyabean: 80878.0ha; Maize: 51830.7ha; Jowar: 45665.7ha
Karnataka,Bellary,227764.7,Maize,44092.6,Maize: 44092.6ha; Rice: 36316.2ha; Groundnut: 26266.7ha; Cotton(lint): 25473.5ha; Gram: 20789.0ha
Karnataka,Bengaluru Urban,11460.9,Ragi,4989.0,Ragi: 4989.0ha; Coconut: 1763.0ha; Other Kharif pulses: 1047.8ha; Jowar: 791.0ha; Arhar/Tur: 708.5ha
Karnataka,Bidar,412947.0,Soyabean,155218.0,Soyabean: 155218.0ha; Arhar/Tur: 91312.2ha; Gram: 60424.2ha; Moong(Green Gram): 25152.6ha; Jowar: 21676.2ha
Karnataka,Bijapur,925730.9,Arhar/Tur,390810.7,Arhar/Tur: 390810.7ha; Gram: 226920.7ha; Jowar: 130349.7ha; Wheat: 38463.0ha; Sugarcane: 36337.7ha
Karnataka,Chamarajanagar,100271.1,Horse-gram,16656.8,Horse-gram: 16656.8ha; Jowar: 12250.2ha; Cotton(lint): 8695.3ha; Maize: 8448.3ha; Coconut: 8440.0ha
Karnataka,Chamarajanagara,101244.5,Horse-gram,19801.5,Horse-gram: 19801.5ha; Coconut: 12569.0ha; Jowar: 9529.0ha; Maize: 8794.3ha; Turmeric: 7440.0ha
Karnataka,Chikballapur,72772.2,Maize,16144.6,Maize: 16144.6ha; Ragi: 13796.0ha; Groundnut: 11331.3ha; Arhar/Tur: 9435.0ha; Jowar: 8078.5ha
Karnataka,Chikkaballapura,60233.4,Ragi,15269.3,Ragi: 15269.3ha; Maize: 14243.7ha; Groundnut: 12800.0ha; Arhar/Tur: 5149.0ha; Jowar: 3579.0ha
Karnataka,Chikkamagaluru,205723.2,Arecanut,63587.0,Arecanut: 63587.0ha; Coconut: 54188.0ha; Black pepper: 40520.0ha; Ragi: 11407.3ha; Rice: 7816.5ha
Karnataka,Chikmagalur,224668.1,Coconut,45701.0,Coconut: 45701.0ha; Ragi: 40090.3ha; Arecanut: 39667.7ha; Maize: 21448.7ha; Black pepper: 16830.0ha
Karnataka,Chitradurga,256329.5,Groundnut,51956.4,Groundnut: 51956.4ha; Coconut: 45980.2ha; Maize: 32372.9ha; Arecanut: 27837.5ha; Gram: 27607.8ha
Karnataka,Dakshin Kannad,120345.7,Arecanut,53426.0,Arecanut: 53426.0ha; Cashewnut: 28162.3ha; Coconut: 22951.7ha; Rice: 10229.0ha; Black pepper: 4000.7ha
Karnataka,Dakshina Kannada,152755.0,Arecanut,93151.0,Arecanut: 93151.0ha; Coconut: 31986.0ha; Cashewnut: 14095.0ha; Black pepper: 7146.0ha; Rice: 6314.0ha
Karnataka,Davangere,196538.2,Maize,53620.5,Maize: 53620.5ha; Arecanut: 51967.5ha; Rice: 46549.5ha; Coconut: 9011.2ha; Groundnut: 6796.5ha
Karnataka,Dharwad,297737.0,Gram,84955.2,Gram: 84955.2ha; Soyabean: 33818.0ha; Cotton(lint): 31088.1ha; Wheat: 28476.2ha; Moong(Green Gram): 21624.4ha
Karnataka,Gadag,348228.9,Gram,119307.8,Gram: 119307.8ha; Moong(Green Gram): 82382.0ha; Jowar: 31773.4ha; Groundnut: 20379.1ha; Cotton(lint): 18673.2ha
Karnataka,Gulbarga,943107.0,Arhar/Tur,443827.3,Arhar/Tur: 443827.3ha; Gram: 171140.0ha; Jowar: 107183.0ha; Moong(Green Gram): 57625.7ha; Cotton(lint): 54434.0ha
Karnataka,Hassan,226196.2,Coconut,80955.0,Coconut: 80955.0ha; Maize: 30186.6ha; Ragi: 25635.9ha; Black pepper: 20466.8ha; Rice: 14067.1ha
Karnataka,Haveri,189990.3,Maize,65947.5,Maize: 65947.5ha; Cotton(lint): 40111.3ha; Rice: 17169.4ha; Jowar: 12952.6ha; Groundnut: 10828.5ha
Karnataka,Kalaburagi,898664.0,Arhar/Tur,606717.0,Arhar/Tur: 606717.0ha; Gram: 93196.0ha; Cotton(lint): 50642.0ha; Jowar: 33494.0ha; Moong(Green Gram): 25824.0ha
Karnataka,Kodagu,69442.2,Black pepper,41864.0,Black pepper: 41864.0ha; Rice: 9271.3ha; Arecanut: 7313.0ha; Cardamom: 4002.5ha; Maize: 2230.8ha
Karnataka,Kolar,49171.7,Ragi,20945.1,Ragi: 20945.1ha; Other Kharif pulses: 7308.2ha; Groundnut: 7211.2ha; Horse-gram: 3363.6ha; Arhar/Tur: 2229.5ha
Karnataka,Koppal,295010.8,Gram,62170.5,Gram: 62170.5ha; Bajra: 61815.4ha; Rice: 34013.9ha; Arhar/Tur: 25282.2ha; Maize: 20981.4ha
Karnataka,Mandya,138902.7,Coconut,42927.8,Coconut: 42927.8ha; Sugarcane: 27603.5ha; Rice: 19290.7ha; Ragi: 17927.7ha; Horse-gram: 14716.5ha
Karnataka,Mysore,277107.2,Tobacco,60766.3,Tobacco: 60766.3ha; Cotton(lint): 43744.7ha; Rice: 38419.3ha; Coconut: 21341.7ha; Horse-gram: 20097.2ha
Karnataka,Mysuru,296214.0,Tobacco,78005.0,Tobacco: 78005.0ha; Rice: 41841.0ha; Cotton(lint): 36379.0ha; Coconut: 23332.0ha; Ragi: 19116.7ha
Karnataka,Raichur,476261.2,Gram,128122.8,Gram: 128122.8ha; Arhar/Tur: 93694.5ha; Cotton(lint): 81526.8ha; Rice: 79693.1ha; Jowar: 37238.7ha
Karnataka,Ramanagara,66959.2,Coconut,25443.8,Coconut: 25443.8ha; Ragi: 20704.6ha; Horse-gram: 4107.9ha; Other Kharif pulses: 3726.2ha; Arhar/Tur: 2418.8ha
Karnataka,Shimoga,141030.2,Arecanut,68784.0,Arecanut: 68784.0ha; Rice: 32560.8ha; Maize: 21185.3ha; Coconut: 5581.0ha; Ginger: 5076.3ha
Karnataka,Shivamogga,179758.1,Arecanut,93584.0,Arecanut: 93584.0ha; Rice: 44723.0ha; Maize: 21637.7ha; Coconut: 7079.0ha; Black pepper: 4903.0ha
Karnataka,Tumakuru,351490.9,Coconut,176243.0,Coconut: 176243.0ha; Arecanut: 55710.0ha; Ragi: 47999.3ha; Groundnut: 24630.5ha; Horse-gram: 10042.0ha
Karnataka,Tumkur,343667.7,Coconut,164744.3,Coconut: 164744.3ha; Ragi: 46466.6ha; Arecanut: 42679.7ha; Groundnut: 35446.2ha; Arhar/Tur: 11870.7ha
Karnataka,Udupi,72077.1,Coconut,20728.5,Coconut: 20728.5ha; Cashewnut: 18772.8ha; Arecanut: 14883.0ha; Rice: 13988.1ha; Groundnut: 1369.8ha
Karnataka,Uttar Kannad,70988.9,Arecanut,22813.7,Arecanut: 22813.7ha; Rice: 20383.3ha; Coconut: 8961.3ha; Sugarcane: 6388.5ha; Cashewnut: 3693.0ha
Karnataka,Uttara Kannada,81187.7,Arecanut,30549.0,Arecanut: 30549.0ha; Rice: 15915.7ha; Coconut: 10089.0ha; Sugarcane: 7788.0ha; Black pepper: 4787.0ha
Karnataka,Vijayapura,843463.1,Arhar/Tur,497180.0,Arhar/Tur: 497180.0ha; Gram: 119788.0ha; Jowar: 52004.5ha; Sugarcane: 35538.0ha; Wheat: 28460.0ha
Karnataka,Yadagiri,281270.4,Arhar/Tur,109136.0,Arhar/Tur: 109136.0ha; Cotton(lint): 77713.5ha; Rice: 60209.0ha; Moong(Green Gram): 11907.5ha; Jowar: 6704.7ha
Karnataka,Yadgir,289815.6,Arhar/Tur,86708.3,Arhar/Tur: 86708.3ha; Cotton(lint): 83424.7ha; Rice: 36629.5ha; Groundnut: 22865.7ha; Moong(Green Gram): 22037.8ha
Kerala,Alappuzha,52578.7,Coconut,33551.8,Coconut: 33551.8ha; Rice: 12311.6ha; Tapioca: 2278.7ha; Cashewnut: 1643.5ha; Arecanut: 1395.3ha
Kerala,Ernakulam,59863.6,Coconut,40900.8,Coconut: 40900.8ha; Tapioca: 5377.5ha; Banana: 5234.2ha; Arecanut: 4038.9ha; Black pepper: 1842.9ha
Kerala,Idukki,104970.2,Black pepper,43562.2,Black pepper: 43562.2ha; Cardamom: 31116.2ha; Coconut: 15026.7ha; Tapioca: 6368.1ha; Banana: 3406.2ha
Kerala,Kannur,126596.2,Coconut,86182.4,Coconut: 86182.4ha; Cashewnut: 19720.5ha; Arecanut: 9502.5ha; Black pepper: 4456.4ha; Banana: 2140.4ha
Kerala,Kasaragod,97937.2,Coconut,65407.5,Coconut: 65407.5ha; Arecanut: 20377.0ha; Cashewnut: 7044.7ha; Black pepper: 3052.1ha; Rice: 778.9ha
Kerala,Kollam,71847.4,Coconut,47025.3,Coconut: 47025.3ha; Tapioca: 13714.9ha; Banana: 3266.1ha; Black pepper: 2951.8ha; Cashewnut: 1894.0ha
Kerala,Kottayam,46166.0,Coconut,25491.0,Coconut: 25491.0ha; Rice: 6296.2ha; Tapioca: 6068.3ha; Black pepper: 3115.0ha; Banana: 3097.9ha
Kerala,Kozhikode,135020.2,Coconut,115485.0,Coconut: 115485.0ha; Arecanut: 9869.7ha; Black pepper: 3610.9ha; Banana: 1682.2ha; Cashewnut: 1594.3ha
Kerala,Malappuram,141940.4,Coconut,104497.9,Coconut: 104497.9ha; Arecanut: 18320.5ha; Banana: 6491.5ha; Tapioca: 5036.3ha; Rice: 2661.6ha
Kerala,Palakkad,114461.3,Coconut,56630.6,Coconut: 56630.6ha; Rice: 24557.7ha; Banana: 14157.2ha; Arecanut: 7973.9ha; Cardamom: 2754.2ha
Kerala,Pathanamthitta,28365.3,Coconut,15891.2,Coconut: 15891.2ha; Tapioca: 4912.4ha; Banana: 2185.6ha; Black pepper: 1645.0ha; Arecanut: 1034.9ha
Kerala,Thiruvananthapuram,91557.8,Coconut,70027.0,Coconut: 70027.0ha; Tapioca: 13781.5ha; Banana: 3078.5ha; Black pepper: 2025.1ha; Arecanut: 913.8ha
Kerala,Thrissur,99145.0,Coconut,79660.2,Coconut: 79660.2ha; Rice: 7275.5ha; Arecanut: 5785.9ha; Banana: 2072.8ha; Black pepper: 1794.2ha
Kerala,Wayanad,56486.9,Arecanut,12084.1,Arecanut: 12084.1ha; Black pepper: 10398.4ha; Banana: 10288.2ha; Coconut: 10138.1ha; Cardamom: 4115.8ha
Laddakh,Kargil,273.0,Other Cereals,273.0,Other Cereals: 273.0ha
Madhya Pradesh,Agar Malwa,333689.9,Soyabean,145966.5,Soyabean: 145966.5ha; Wheat: 74198.8ha; Gram: 43912.8ha; Coriander: 18284.0ha; Masoor: 10302.7ha
Madhya Pradesh,Alirajpur,181721.6,Urad,34796.5,Urad: 34796.5ha; Wheat: 26689.0ha; Soyabean: 24339.5ha; Maize: 22555.0ha; Bajra: 12830.5ha
Madhya Pradesh,Anuppur,196807.3,Rice,88726.0,Rice: 88726.0ha; Wheat: 19469.5ha; Masoor: 13983.0ha; Gram: 10488.5ha; Small millets: 10398.0ha
Madhya Pradesh,Ashoknagar,554288.6,Soyabean,180245.8,Soyabean: 180245.8ha; Wheat: 172044.0ha; Gram: 95167.2ha; Urad: 52871.2ha; Coriander: 15721.8ha
Madhya Pradesh,Balaghat,361628.3,Rice,190107.7,Rice: 190107.7ha; Wheat: 51765.8ha; Gram: 48878.8ha; Linseed: 13796.2ha; Rapeseed &Mustard: 12862.5ha
Madhya Pradesh,Barwani,296968.1,Wheat,76614.2,Wheat: 76614.2ha; Cotton(lint): 70141.5ha; Maize: 39545.3ha; Soyabean: 31428.8ha; Jowar: 25146.8ha
Madhya Pradesh,Betul,590852.7,Soyabean,199780.8,Soyabean: 199780.8ha; Wheat: 160530.5ha; Maize: 82846.7ha; Gram: 55072.8ha; Rice: 30479.4ha
Madhya Pradesh,Bhind,452014.2,Rapeseed &Mustard,190001.8,Rapeseed &Mustard: 190001.8ha; Wheat: 117282.8ha; Bajra: 59668.2ha; Sesamum: 20580.8ha; Rice: 14100.0ha
Madhya Pradesh,Bhopal,250880.9,Soyabean,106294.0,Soyabean: 106294.0ha; Wheat: 90234.0ha; Gram: 21031.8ha; Rice: 12124.3ha; Maize: 4436.4ha
Madhya Pradesh,Burhanpur,136762.8,Cotton(lint),35351.0,Cotton(lint): 35351.0ha; Banana: 20458.0ha; Wheat: 15727.5ha; Soyabean: 14125.2ha; Gram: 11603.0ha
Madhya Pradesh,Chhatarpur,658895.9,Wheat,255501.0,Wheat: 255501.0ha; Urad: 107372.9ha; Sesamum: 94457.0ha; Gram: 71495.5ha; Soyabean: 31047.0ha
Madhya Pradesh,Chhindwara,674954.4,Wheat,215145.5,Wheat: 215145.5ha; Maize: 201202.7ha; Gram: 54887.8ha; Cotton(lint): 42064.0ha; Soyabean: 27977.0ha
Madhya Pradesh,Damoh,554564.5,Gram,156871.0,Gram: 156871.0ha; Wheat: 119313.8ha; Urad: 72037.6ha; Soyabean: 65141.8ha; Rice: 61993.8ha
Madhya Pradesh,Datia,355976.3,Wheat,160832.5,Wheat: 160832.5ha; Urad: 43071.3ha; Rice: 35815.5ha; Sesamum: 35538.5ha; Gram: 19806.2ha
Madhya Pradesh,Dewas,793358.4,Soyabean,352849.0,Soyabean: 352849.0ha; Wheat: 196483.0ha; Gram: 166012.8ha; Maize: 18638.2ha; Onion: 12958.0ha
Madhya Pradesh,Dhar,904460.5,Soyabean,295623.8,Soyabean: 295623.8ha; Wheat: 255619.8ha; Gram: 113571.8ha; Cotton(lint): 95893.0ha; Maize: 48139.3ha
Madhya Pradesh,Dindori,309915.1,Rice,95986.8,Rice: 95986.8ha; Wheat: 45115.8ha; Masoor: 36381.2ha; Small millets: 23874.0ha; Maize: 23070.5ha
Madhya Pradesh,Guna,642195.3,Soyabean,224282.2,Soyabean: 224282.2ha; Wheat: 156174.0ha; Coriander: 83331.0ha; Gram: 79773.0ha; Urad: 52452.0ha
Madhya Pradesh,Gwalior,306758.2,Wheat,125915.2,Wheat: 125915.2ha; Rapeseed &Mustard: 46010.2ha; Rice: 36695.7ha; Sesamum: 24935.0ha; Gram: 17646.5ha
Madhya Pradesh,Harda,386276.3,Wheat,140876.0,Wheat: 140876.0ha; Soyabean: 136748.5ha; Gram: 43474.2ha; Urad: 30815.8ha; Moong(Green Gram): 17839.6ha
Madhya Pradesh,Hoshangabad,645774.1,Wheat,270142.8,Wheat: 270142.8ha; Rice: 134080.0ha; Soyabean: 70727.2ha; Gram: 48949.0ha; Moong(Green Gram): 42620.7ha
Madhya Pradesh,Indore,515187.7,Soyabean,230148.0,Soyabean: 230148.0ha; Wheat: 138515.0ha; Gram: 65684.0ha; Potato: 45430.5ha; Onion: 13111.0ha
Madhya Pradesh,Jabalpur,489023.6,Wheat,178808.5,Wheat: 178808.5ha; Rice: 135352.2ha; Gram: 47295.0ha; Urad: 28827.7ha; Peas & beans (Pulses): 27596.2ha
Madhya Pradesh,Jhabua,230216.1,Soyabean,66938.0,Soyabean: 66938.0ha; Wheat: 58399.0ha; Maize: 33020.7ha; Cotton(lint): 22846.2ha; Gram: 20508.0ha
Madhya Pradesh,Katni,386557.8,Wheat,149038.5,Wheat: 149038.5ha; Rice: 137595.5ha; Gram: 35452.5ha; Peas & beans (Pulses): 8856.2ha; Masoor: 8485.8ha
Madhya Pradesh,Khandwa,518993.6,Soyabean,175645.0,Soyabean: 175645.0ha; Wheat: 167520.5ha; Cotton(lint): 56714.8ha; Gram: 44467.5ha; Maize: 22049.8ha
Madhya Pradesh,Khargone,675036.6,Cotton(lint),216093.8,Cotton(lint): 216093.8ha; Wheat: 198196.0ha; Gram: 72497.5ha; Soyabean: 64123.8ha; Maize: 48097.2ha
Madhya Pradesh,Mandla,334057.7,Rice,152502.5,Rice: 152502.5ha; Wheat: 57681.5ha; Masoor: 20164.5ha; Maize: 18440.8ha; Small millets: 18360.2ha
Madhya Pradesh,Mandsaur,602958.9,Soyabean,265376.0,Soyabean: 265376.0ha; Wheat: 145186.0ha; Gram: 48992.0ha; Coriander: 33404.2ha; Rapeseed &Mustard: 25971.5ha
Madhya Pradesh,Morena,491605.3,Bajra,171100.5,Bajra: 171100.5ha; Rapeseed &Mustard: 144527.2ha; Wheat: 114578.5ha; Sesamum: 14849.0ha; Arhar/Tur: 13175.2ha
Madhya Pradesh,Narsinghpur,494198.5,Wheat,114318.5,Wheat: 114318.5ha; Gram: 89272.2ha; Sugarcane: 60088.5ha; Arhar/Tur: 50004.0ha; Rice: 35351.0ha
Madhya Pradesh,Neemuch,332547.0,Soyabean,133670.0,Soyabean: 133670.0ha; Wheat: 67492.2ha; Garlic: 29125.0ha; Gram: 27663.5ha; Coriander: 21200.0ha
Madhya Pradesh,Niwari,81651.0,Wheat,77809.0,Wheat: 77809.0ha; Gram: 1382.0ha; Rapeseed &Mustard: 1367.0ha; Barley: 621.0ha; Peas & beans (Pulses): 444.0ha
Madhya Pradesh,Panna,407541.0,Wheat,101552.8,Wheat: 101552.8ha; Gram: 86620.2ha; Rice: 70486.8ha; Urad: 47139.3ha; Sesamum: 27013.5ha
Madhya Pradesh,Raisen,738436.1,Wheat,238227.2,Wheat: 238227.2ha; Rice: 155517.2ha; Gram: 135474.0ha; Soyabean: 89305.8ha; Arhar/Tur: 35917.5ha
Madhya Pradesh,Rajgarh,843940.3,Soyabean,355657.5,Soyabean: 355657.5ha; Wheat: 219665.8ha; Gram: 91866.8ha; Coriander: 53740.0ha; Masoor: 40745.5ha
Madhya Pradesh,Ratlam,575524.3,Soyabean,239515.0,Soyabean: 239515.0ha; Wheat: 150271.5ha; Gram: 75910.8ha; Garlic: 26900.0ha; Maize: 26562.4ha
Madhya Pradesh,Rewa,641499.6,Wheat,241050.0,Wheat: 241050.0ha; Rice: 182385.0ha; Gram: 42177.0ha; Arhar/Tur: 24222.0ha; Soyabean: 23406.0ha
Madhya Pradesh,Sagar,955866.4,Wheat,285681.8,Wheat: 285681.8ha; Soyabean: 279666.8ha; Gram: 164352.0ha; Urad: 100720.0ha; Masoor: 49337.8ha
Madhya Pradesh,Satna,668396.0,Wheat,220250.5,Wheat: 220250.5ha; Rice: 152205.2ha; Gram: 81631.0ha; Urad: 45889.5ha; Arhar/Tur: 38788.5ha
Madhya Pradesh,Sehore,755125.4,Soyabean,301230.0,Soyabean: 301230.0ha; Wheat: 264870.0ha; Gram: 96428.0ha; Rice: 31216.0ha; Moong(Green Gram): 14315.8ha
Madhya Pradesh,Seoni,542473.7,Wheat,203849.2,Wheat: 203849.2ha; Maize: 106804.7ha; Rice: 105198.0ha; Gram: 38733.0ha; Masoor: 16224.2ha
Madhya Pradesh,Shahdol,230227.6,Rice,101861.4,Rice: 101861.4ha; Wheat: 48248.8ha; Arhar/Tur: 10813.0ha; Gram: 9119.5ha; Soyabean: 8133.8ha
Madhya Pradesh,Shajapur,520019.0,Soyabean,261502.8,Soyabean: 261502.8ha; Wheat: 134727.0ha; Gram: 69735.0ha; Masoor: 21163.5ha; Onion: 9362.8ha
Madhya Pradesh,Sheopur,315245.5,Wheat,100160.5,Wheat: 100160.5ha; Rapeseed &Mustard: 34732.0ha; Rice: 34667.2ha; Soyabean: 31630.0ha; Urad: 24237.2ha
Madhya Pradesh,Shivpuri,691275.0,Wheat,211347.8,Wheat: 211347.8ha; Soyabean: 130762.0ha; Groundnut: 80895.6ha; Gram: 74118.8ha; Urad: 73100.2ha
Madhya Pradesh,Sidhi,282581.8,Wheat,86848.8,Wheat: 86848.8ha; Rice: 80153.5ha; Gram: 25204.5ha; Arhar/Tur: 17682.5ha; Maize: 8795.5ha
Madhya Pradesh,Singrauli,268832.9,Wheat,64892.8,Wheat: 64892.8ha; Rice: 62810.8ha; Gram: 20188.2ha; Arhar/Tur: 18784.8ha; Maize: 15921.7ha
Madhya Pradesh,Tikamgarh,437313.1,Wheat,182662.0,Wheat: 182662.0ha; Urad: 123534.8ha; Groundnut: 24439.8ha; Sesamum: 23761.5ha; Soyabean: 14285.5ha
Madhya Pradesh,Ujjain,978235.1,Soyabean,478976.0,Soyabean: 478976.0ha; Wheat: 279999.2ha; Gram: 145022.2ha; Garlic: 20281.3ha; Potato: 13350.7ha
Madhya Pradesh,Umaria,162112.6,Wheat,49783.5,Wheat: 49783.5ha; Rice: 38487.3ha; Gram: 12951.0ha; Arhar/Tur: 10116.8ha; Small millets: 7588.0ha
Madhya Pradesh,Vidisha,964961.6,Soyabean,324263.2,Soyabean: 324263.2ha; Wheat: 302060.8ha; Gram: 174468.5ha; Urad: 79570.6ha; Masoor: 35992.0ha
Maharashtra,Ahmednagar,1031997.7,Jowar,230739.5,Jowar: 230739.5ha; Gram: 153710.8ha; Cotton(lint): 138595.5ha; Bajra: 135800.0ha; Sugarcane: 92698.2ha
Maharashtra,Akola,584360.4,Soyabean,210939.5,Soyabean: 210939.5ha; Cotton(lint): 160731.5ha; Gram: 86010.5ha; Arhar/Tur: 56645.5ha; Moong(Green Gram): 22871.0ha
Maharashtra,Amravati,844351.3,Soyabean,295092.0,Soyabean: 295092.0ha; Cotton(lint): 223354.5ha; Arhar/Tur: 114434.2ha; Gram: 104673.2ha; Wheat: 45706.5ha
Maharashtra,Aurangabad,819851.4,Cotton(lint),461946.2,Cotton(lint): 461946.2ha; Gram: 64051.2ha; Bajra: 55092.8ha; Jowar: 53706.8ha; Arhar/Tur: 50083.5ha
Maharashtra,Beed,1114336.6,Cotton(lint),363095.2,Cotton(lint): 363095.2ha; Soyabean: 203464.0ha; Jowar: 148314.1ha; Bajra: 104850.8ha; Gram: 87417.0ha
Maharashtra,Bhandara,159499.6,Rice,90204.4,Rice: 90204.4ha; Other Rabi pulses: 20671.2ha; Gram: 12852.8ha; Arhar/Tur: 11852.0ha; Wheat: 10258.0ha
Maharashtra,Buldhana,892403.1,Soyabean,383980.5,Soyabean: 383980.5ha; Cotton(lint): 179642.5ha; Gram: 117762.8ha; Arhar/Tur: 83884.8ha; Wheat: 53188.8ha
Maharashtra,Chandrapur,434971.6,Cotton(lint),158947.8,Cotton(lint): 158947.8ha; Soyabean: 81318.8ha; Rice: 69308.1ha; Arhar/Tur: 42854.0ha; Gram: 29952.2ha
Maharashtra,Dhule,529125.0,Cotton(lint),213479.0,Cotton(lint): 213479.0ha; Bajra: 73122.2ha; Gram: 56335.2ha; Wheat: 48473.5ha; Maize: 25616.5ha
Maharashtra,Gadchiroli,123845.8,Rice,79968.9,Rice: 79968.9ha; Gram: 14182.2ha; Other Rabi pulses: 12514.2ha; Cotton(lint): 6038.2ha; Arhar/Tur: 5176.2ha
Maharashtra,Gondia,116075.0,Rice,87148.0,Rice: 87148.0ha; Other Rabi pulses: 10528.2ha; Arhar/Tur: 6133.2ha; Gram: 5500.8ha; Wheat: 2647.0ha
Maharashtra,Hingoli,542456.1,Soyabean,199344.0,Soyabean: 199344.0ha; Gram: 73991.2ha; Cotton(lint): 73166.5ha; Arhar/Tur: 62729.2ha; Moong(Green Gram): 34186.2ha
Maharashtra,Jalgaon,900740.7,Cotton(lint),514019.2,Cotton(lint): 514019.2ha; Gram: 68494.2ha; Maize: 65946.7ha; Wheat: 55596.8ha; Jowar: 44405.6ha
Maharashtra,Jalna,699626.6,Cotton(lint),294914.5,Cotton(lint): 294914.5ha; Soyabean: 127182.8ha; Arhar/Tur: 52457.8ha; Jowar: 43441.2ha; Gram: 42200.0ha
Maharashtra,Kolhapur,324476.9,Sugarcane,141575.0,Sugarcane: 141575.0ha; Rice: 55294.2ha; Soyabean: 50807.0ha; Groundnut: 23548.6ha; Ragi: 20317.8ha
Maharashtra,Latur,864165.3,Soyabean,403020.2,Soyabean: 403020.2ha; Gram: 173586.0ha; Arhar/Tur: 115031.5ha; Jowar: 54889.2ha; Sugarcane: 35265.5ha
Maharashtra,Mumbai Suburban,1146.0,Linseed,1046.0,Linseed: 1046.0ha; Maize: 100.0ha
Maharashtra,Nagpur,605442.2,Soyabean,147637.8,Soyabean: 147637.8ha; Cotton(lint): 144409.8ha; Wheat: 127560.2ha; Arhar/Tur: 65000.0ha; Gram: 61933.8ha
Maharashtra,Nanded,1017933.2,Soyabean,329118.2,Soyabean: 329118.2ha; Cotton(lint): 287355.8ha; Gram: 116553.2ha; Arhar/Tur: 79590.5ha; Jowar: 52903.2ha
Maharashtra,Nandurbar,316533.2,Cotton(lint),102814.0,Cotton(lint): 102814.0ha; Soyabean: 26972.5ha; Gram: 26788.5ha; Rice: 26244.5ha; Jowar: 22489.1ha
Maharashtra,Nashik,617650.5,Bajra,120133.2,Bajra: 120133.2ha; Wheat: 84416.8ha; Rice: 73683.5ha; Soyabean: 70539.2ha; Gram: 64566.0ha
Maharashtra,Osmanabad,606927.1,Soyabean,165332.8,Soyabean: 165332.8ha; Gram: 128727.5ha; Jowar: 76515.8ha; Arhar/Tur: 65443.0ha; Sugarcane: 33551.5ha
Maharashtra,Palghar,67609.9,Rice,38951.0,Rice: 38951.0ha; Ragi: 10601.0ha; Other Cereals: 5621.5ha; Urad: 3195.2ha; Other Rabi pulses: 2755.0ha
Maharashtra,Parbhani,739241.0,Soyabean,242456.5,Soyabean: 242456.5ha; Cotton(lint): 191758.0ha; Jowar: 73135.8ha; Gram: 72887.5ha; Arhar/Tur: 48779.0ha
Maharashtra,Pune,541035.0,Sugarcane,115259.2,Sugarcane: 115259.2ha; Jowar: 107476.0ha; Gram: 84161.2ha; Wheat: 59388.5ha; Rice: 55744.5ha
Maharashtra,Raigad,78170.1,Rice,55064.6,Rice: 55064.6ha; Other Rabi pulses: 13337.2ha; Ragi: 5781.2ha; Other Cereals: 1264.2ha; Gram: 732.3ha
Maharashtra,Ratnagiri,56872.8,Rice,37762.0,Rice: 37762.0ha; Ragi: 13207.0ha; Other Rabi pulses: 4702.8ha; Other Cereals: 310.9ha; Gram: 211.0ha
Maharashtra,Sangli,421103.9,Jowar,95213.0,Jowar: 95213.0ha; Sugarcane: 83069.8ha; Bajra: 53638.0ha; Soyabean: 47460.5ha; Gram: 24264.2ha
Maharashtra,Satara,496470.5,Jowar,83412.6,Jowar: 83412.6ha; Sugarcane: 74367.0ha; Soyabean: 68299.2ha; Bajra: 62068.5ha; Rice: 47365.2ha
Maharashtra,Sindhudurg,40431.4,Rice,32015.1,Rice: 32015.1ha; Other Rabi pulses: 3311.2ha; Ragi: 1686.8ha; Sugarcane: 1153.5ha; Arhar/Tur: 713.0ha
Maharashtra,Solapur,745709.9,Jowar,328480.0,Jowar: 328480.0ha; Sugarcane: 113088.2ha; Wheat: 68370.8ha; Gram: 60591.2ha; Arhar/Tur: 36654.0ha
Maharashtra,Thane,36215.6,Rice,27505.5,Rice: 27505.5ha; Other Rabi pulses: 3183.2ha; Ragi: 2375.8ha; Gram: 1296.5ha; Other Cereals: 1052.8ha
Maharashtra,Wardha,500641.4,Cotton(lint),246330.8,Cotton(lint): 246330.8ha; Soyabean: 118709.0ha; Arhar/Tur: 80717.5ha; Gram: 33822.8ha; Wheat: 14011.2ha
Maharashtra,Washim,491921.6,Soyabean,300029.0,Soyabean: 300029.0ha; Arhar/Tur: 57424.5ha; Gram: 57360.8ha; Wheat: 22993.0ha; Cotton(lint): 19692.8ha
Maharashtra,Yavatmal,1073868.0,Cotton(lint),455982.0,Cotton(lint): 455982.0ha; Soyabean: 267518.2ha; Arhar/Tur: 143998.8ha; Gram: 113647.8ha; Wheat: 38311.6ha
Manipur,Bishnupur,49462.7,Rice,31566.7,Rice: 31566.7ha; Rapeseed &Mustard: 5413.3ha; Peas & beans (Pulses): 2633.3ha; Potato: 2480.0ha; Sugarcane: 1566.7ha
Manipur,Chandel,25368.4,Rice,10023.3,Rice: 10023.3ha; Ginger: 3533.3ha; Rapeseed &Mustard: 2560.0ha; Maize: 1905.0ha; Potato: 1730.0ha
Manipur,Churachandpur,42389.3,Rice,29093.3,Rice: 29093.3ha; Maize: 3165.0ha; Rapeseed &Mustard: 2556.7ha; Potato: 1823.3ha; Peas & beans (Pulses): 1354.0ha
Manipur,Imphal East,52075.5,Rice,40640.0,Rice: 40640.0ha; Rapeseed &Mustard: 3173.3ha; Peas & beans (Pulses): 2500.7ha; Potato: 1186.7ha; Soyabean: 755.0ha
Manipur,Imphal West,56046.6,Rice,43900.0,Rice: 43900.0ha; Rapeseed &Mustard: 2763.3ha; Peas & beans (Pulses): 2466.0ha; Potato: 1310.0ha; Sugarcane: 870.0ha
Manipur,Senapati,23697.3,Rice,12100.0,Rice: 12100.0ha; Rapeseed &Mustard: 2683.3ha; Maize: 2406.7ha; Peas & beans (Pulses): 1570.7ha; Potato: 1223.3ha
Manipur,Tamenglong,38880.8,Rice,27446.7,Rice: 27446.7ha; Rapeseed &Mustard: 2543.3ha; Potato: 2103.3ha; Peas & beans (Pulses): 1783.7ha; Maize: 1343.3ha
Manipur,Thoubal,50031.4,Rice,33183.3,Rice: 33183.3ha; Rapeseed &Mustard: 3833.3ha; Peas & beans (Pulses): 2704.7ha; Potato: 2396.7ha; Sugarcane: 1450.0ha
Manipur,Ukhrul,21634.9,Rice,10116.7,Rice: 10116.7ha; Rapeseed &Mustard: 3780.0ha; Peas & beans (Pulses): 1950.0ha; Maize: 1350.0ha; Potato: 1096.7ha
Meghalaya,East Garo Hills,15645.0,Ginger,3230.2,Ginger: 3230.2ha; Rice: 3048.8ha; Cotton(lint): 1794.8ha; Arecanut: 1490.5ha; Tapioca: 1278.2ha
Meghalaya,East Jaintia Hills,2691.9,Rice,1470.2,Rice: 1470.2ha; Maize: 355.5ha; Arecanut: 256.5ha; Sweet potato: 189.2ha; Banana: 107.8ha
Meghalaya,East Khasi Hills,20156.5,Potato,5979.9,Potato: 5979.9ha; Arecanut: 5433.2ha; Maize: 2110.5ha; Rice: 1956.9ha; Banana: 794.8ha
Meghalaya,North Garo Hills,11330.6,Rice,2955.4,Rice: 2955.4ha; Ginger: 1588.2ha; Banana: 1041.2ha; Arecanut: 1037.2ha; Cotton(lint): 859.8ha
Meghalaya,Ri Bhoi,8364.9,Rice,3223.1,Rice: 3223.1ha; Maize: 1594.8ha; Ginger: 1030.8ha; Banana: 948.8ha; Soyabean: 260.8ha
Meghalaya,South Garo Hills,13693.9,Cashewnut,4441.5,Cashewnut: 4441.5ha; Rice: 2856.7ha; Maize: 1014.2ha; Mesta: 885.2ha; Jute: 518.2ha
Meghalaya,South West Garo Hills,21472.9,Rice,5916.9,Rice: 5916.9ha; Rapeseed &Mustard: 2762.0ha; Jute: 1753.0ha; Cashewnut: 1658.5ha; Maize: 1496.2ha
Meghalaya,South West Khasi Hills,4809.6,Maize,1370.2,Maize: 1370.2ha; Potato: 1032.9ha; Arecanut: 613.2ha; Rice: 610.9ha; Sweet potato: 323.8ha
Meghalaya,West Garo Hills,52212.3,Rice,10262.2,Rice: 10262.2ha; Rapeseed &Mustard: 5470.0ha; Arecanut: 5000.2ha; Cashewnut: 4007.5ha; Cotton(lint): 3965.8ha
Meghalaya,West Jaintia Hills,11550.3,Maize,2867.8,Maize: 2867.8ha; Rice: 2704.0ha; Arecanut: 1552.2ha; Turmeric: 1458.2ha; Sweet potato: 1022.2ha
Meghalaya,West Khasi Hills,11103.0,Maize,3096.5,Maize: 3096.5ha; Rice: 2015.6ha; Potato: 1896.6ha; Sweet potato: 1191.0ha; Arecanut: 790.5ha
Mizoram,Aizawl,4532.2,Rice,1948.9,Rice: 1948.9ha; other oilseeds: 859.0ha; Sugarcane: 414.2ha; Maize: 301.4ha; Other Kharif pulses: 254.5ha
Mizoram,Champhai,5621.8,Rice,4397.2,Rice: 4397.2ha; Maize: 352.6ha; Tobacco: 195.0ha; Other Rabi pulses: 143.5ha; Sugarcane: 139.3ha
Mizoram,Kolasib,11547.0,other oilseeds,6961.0,other oilseeds: 6961.0ha; Rice: 2830.6ha; Maize: 439.0ha; Other Rabi pulses: 339.0ha; Rapeseed &Mustard: 221.5ha
Mizoram,Lawngtlai,7627.9,other oilseeds,4464.0,other oilseeds: 4464.0ha; Rice: 1818.6ha; Maize: 369.5ha; Other Rabi pulses: 195.1ha; Sesamum: 190.8ha
Mizoram,Lunglei,8619.4,other oilseeds,6396.0,other oilseeds: 6396.0ha; Rice: 1327.6ha; Maize: 320.3ha; Other Rabi pulses: 102.1ha; Sugarcane: 94.5ha
Mizoram,Mamit,8463.6,other oilseeds,5746.0,other oilseeds: 5746.0ha; Rice: 1527.4ha; Maize: 480.8ha; Other Rabi pulses: 152.0ha; Cowpea(Lobia): 146.9ha
Mizoram,Saiha,831.3,Rice,534.6,Rice: 534.6ha; Maize: 146.3ha; other oilseeds: 86.0ha; Soyabean: 15.5ha; Cowpea(Lobia): 13.0ha
Mizoram,Serchhip,7107.6,other oilseeds,2130.0,other oilseeds: 2130.0ha; Rice: 2107.8ha; Maize: 906.6ha; Sugarcane: 516.2ha; Soyabean: 369.0ha
Nagaland,Dimapur,49577.6,Rice,24770.0,Rice: 24770.0ha; Oilseeds total: 4573.3ha; Rapeseed &Mustard: 4310.8ha; Maize: 3378.8ha; Soyabean: 2061.2ha
Nagaland,Kiphire,25537.0,Rice,11950.0,Rice: 11950.0ha; Maize: 3789.4ha; Other Rabi pulses: 2047.2ha; Other Kharif pulses: 1570.5ha; Oilseeds total: 1495.0ha
Nagaland,Kohima,37267.1,Rice,16260.0,Rice: 16260.0ha; Maize: 4610.5ha; Oilseeds total: 2791.7ha; Soyabean: 2081.2ha; Rapeseed &Mustard: 2030.2ha
Nagaland,Longleng,19732.9,Rice,8540.0,Rice: 8540.0ha; Maize: 3045.2ha; Other Rabi pulses: 1486.8ha; Oilseeds total: 1366.7ha; Soyabean: 1088.0ha
Nagaland,Mokokchung,35352.9,Rice,16690.0,Rice: 16690.0ha; Oilseeds total: 3146.7ha; Rapeseed &Mustard: 3118.0ha; Maize: 1977.0ha; Soyabean: 1120.8ha
Nagaland,Mon,33411.2,Rice,11393.8,Rice: 11393.8ha; Oilseeds total: 3893.3ha; Rapeseed &Mustard: 3558.2ha; Soyabean: 3071.8ha; Maize: 2813.5ha
Nagaland,Peren,23422.4,Rice,9022.5,Rice: 9022.5ha; Maize: 3100.0ha; Oilseeds total: 2571.7ha; Rapeseed &Mustard: 2478.0ha; Soyabean: 1075.8ha
Nagaland,Phek,39790.7,Rice,16845.0,Rice: 16845.0ha; Maize: 4423.4ha; Oilseeds total: 3381.7ha; Rapeseed &Mustard: 2900.5ha; Soyabean: 2131.2ha
Nagaland,Tuensang,46929.0,Rice,17205.0,Rice: 17205.0ha; Maize: 10148.5ha; Other Rabi pulses: 3486.5ha; Other Kharif pulses: 2959.2ha; Oilseeds total: 2701.7ha
Nagaland,Wokha,32128.7,Rice,13308.3,Rice: 13308.3ha; Oilseeds total: 2950.0ha; Maize: 2635.9ha; Rapeseed &Mustard: 2610.5ha; Soyabean: 1551.0ha
Nagaland,Zunheboto,46024.8,Rice,14690.0,Rice: 14690.0ha; Maize: 10102.5ha; Soyabean: 7652.0ha; Oilseeds total: 5323.3ha; Rapeseed &Mustard: 2120.5ha
Odisha,Anugul,66282.8,Rice,25081.7,Rice: 25081.7ha; Arhar/Tur: 9250.0ha; Other Rabi pulses: 5050.0ha; Onion: 4950.0ha; Garlic: 4070.0ha
Odisha,Balangir,156244.0,Rice,56811.7,Rice: 56811.7ha; Cotton(lint): 50800.0ha; Other Rabi pulses: 13650.0ha; Arhar/Tur: 8600.0ha; Cowpea(Lobia): 3570.0ha
Odisha,Baleshwar,105890.7,Rice,95715.6,Rice: 95715.6ha; Dry chillies: 2250.0ha; Coriander: 1200.0ha; Moong(Green Gram): 1009.7ha; Onion: 980.0ha
Odisha,Bargarh,127656.2,Rice,98363.3,Rice: 98363.3ha; Moong(Green Gram): 5322.0ha; Groundnut: 3690.8ha; Other Rabi pulses: 2940.0ha; Other Kharif pulses: 2880.0ha
Odisha,Bhadrak,85364.7,Rice,77585.0,Rice: 77585.0ha; Dry chillies: 1500.0ha; Sunflower: 1380.0ha; Moong(Green Gram): 1083.0ha; Garlic: 820.0ha
Odisha,Boudh,38786.6,Rice,20225.8,Rice: 20225.8ha; Arhar/Tur: 4810.0ha; Other Rabi pulses: 4030.0ha; Other Kharif pulses: 1640.0ha; Onion: 1200.0ha
Odisha,Cuttack,63756.4,Rice,37112.5,Rice: 37112.5ha; Moong(Green Gram): 12888.4ha; Urad: 3074.6ha; Dry chillies: 1900.0ha; Onion: 1130.0ha
Odisha,Deogarh,30989.7,Rice,21452.2,Rice: 21452.2ha; Arhar/Tur: 2900.0ha; Onion: 1150.0ha; Dry chillies: 1000.0ha; Cowpea(Lobia): 690.0ha
Odisha,Dhenkanal,43845.7,Rice,25743.3,Rice: 25743.3ha; Other Rabi pulses: 3910.0ha; Arhar/Tur: 3050.0ha; Onion: 1520.0ha; Coriander: 1200.0ha
Odisha,Gajapati,47501.6,Rice,13863.6,Rice: 13863.6ha; Maize: 7959.0ha; Arhar/Tur: 3100.0ha; Urad: 2275.8ha; Moong(Green Gram): 2264.0ha
Odisha,Ganjam,176088.5,Rice,89029.1,Rice: 89029.1ha; Moong(Green Gram): 24016.1ha; Other Kharif pulses: 16170.0ha; Arhar/Tur: 15470.0ha; Other Rabi pulses: 7030.0ha
Odisha,Jagatsinghapur,71370.5,Moong(Green Gram),39568.0,Moong(Green Gram): 39568.0ha; Rice: 27396.7ha; Dry chillies: 690.0ha; Onion: 570.0ha; Garlic: 450.0ha
Odisha,Jajapur,62274.1,Rice,38615.8,Rice: 38615.8ha; Moong(Green Gram): 7638.8ha; Groundnut: 4751.7ha; Urad: 2523.6ha; Other Kharif pulses: 2460.0ha
Odisha,Jharsuguda,27234.5,Rice,15779.2,Rice: 15779.2ha; Other Kharif pulses: 4120.0ha; Other Rabi pulses: 2020.0ha; Cowpea(Lobia): 1170.0ha; Onion: 1030.0ha
Odisha,Kalahandi,215223.6,Rice,70374.2,Rice: 70374.2ha; Cotton(lint): 59800.0ha; Arhar/Tur: 19350.0ha; Other Rabi pulses: 17290.0ha; Other Kharif pulses: 13480.0ha
Odisha,Kandhamal,50293.3,Turmeric,17700.0,Turmeric: 17700.0ha; Rice: 12405.0ha; Arhar/Tur: 4570.0ha; Ginger: 2920.0ha; Sweet potato: 2090.0ha
Odisha,Kendrapara,66466.6,Rice,41608.3,Rice: 41608.3ha; Moong(Green Gram): 18374.8ha; Urad: 2147.4ha; Cowpea(Lobia): 1060.0ha; Onion: 660.0ha
Odisha,Kendujhar,92507.0,Rice,59973.3,Rice: 59973.3ha; Cowpea(Lobia): 5605.0ha; Gram: 4110.0ha; Arhar/Tur: 2690.0ha; Peas & beans (Pulses): 2680.0ha
Odisha,Khordha,48565.6,Rice,35631.0,Rice: 35631.0ha; Moong(Green Gram): 7820.5ha; Dry chillies: 690.0ha; Garlic: 670.0ha; Urad: 527.2ha
Odisha,Koraput,126336.3,Rice,42253.3,Rice: 42253.3ha; Small millets: 12810.0ha; Other Kharif pulses: 11580.0ha; Niger seed: 10049.2ha; Ragi: 7806.9ha
Odisha,Malkangiri,54736.2,Rice,32700.8,Rice: 32700.8ha; Sesamum: 4416.2ha; Sweet potato: 2000.0ha; Ragi: 1878.6ha; Other Kharif pulses: 1870.0ha
Odisha,Mayurbhanj,149671.5,Rice,107441.7,Rice: 107441.7ha; Cowpea(Lobia): 7875.0ha; Other Kharif pulses: 6910.0ha; Arhar/Tur: 5800.0ha; Linseed: 3300.0ha
Odisha,Nabarangpur,86076.9,Rice,43809.2,Rice: 43809.2ha; Maize: 15748.4ha; Horse-gram: 3844.8ha; Urad: 3097.2ha; Other Rabi pulses: 2950.0ha
Odisha,Nayagarh,80602.4,Rice,50872.9,Rice: 50872.9ha; Moong(Green Gram): 14809.0ha; Other Rabi pulses: 2340.0ha; Urad: 1999.0ha; Other Kharif pulses: 1750.0ha
Odisha,Nuapada,79365.1,Rice,31066.7,Rice: 31066.7ha; Cotton(lint): 10340.0ha; Other Rabi pulses: 7360.0ha; Arhar/Tur: 5040.0ha; Other Kharif pulses: 4300.0ha
Odisha,Puri,79270.6,Rice,49693.3,Rice: 49693.3ha; Moong(Green Gram): 23249.8ha; Urad: 2348.8ha; Groundnut: 1302.5ha; Coriander: 500.0ha
Odisha,Rayagada,106967.6,Cotton(lint),36110.0,Cotton(lint): 36110.0ha; Rice: 18468.3ha; Arhar/Tur: 16120.0ha; Small millets: 5430.0ha; Other Kharif pulses: 5200.0ha
Odisha,Sambalpur,61545.0,Rice,46732.5,Rice: 46732.5ha; Arhar/Tur: 2790.0ha; Dry chillies: 2395.0ha; Cowpea(Lobia): 1470.0ha; Other Rabi pulses: 1250.0ha
Odisha,Sonepur,65836.7,Rice,46267.5,Rice: 46267.5ha; Arhar/Tur: 6130.0ha; Cotton(lint): 4350.0ha; Cowpea(Lobia): 1510.0ha; Other Rabi pulses: 1500.0ha
Odisha,Sundargarh,99372.6,Rice,65321.7,Rice: 65321.7ha; Arhar/Tur: 7500.0ha; Cowpea(Lobia): 4020.0ha; Horse-gram: 2646.5ha; Dry chillies: 2630.0ha
Puducherry,Karaikal,3035.0,Rice,1610.2,Rice: 1610.2ha; Moong(Green Gram): 636.8ha; Cotton(lint): 303.8ha; Urad: 258.5ha; Coconut: 189.2ha
Puducherry,Mahe,550.7,Coconut,458.0,Coconut: 458.0ha; Arecanut: 52.2ha; Banana: 23.0ha; Black pepper: 10.5ha; Tapioca: 5.0ha
Puducherry,Pondicherry,7441.5,Rice,4183.0,Rice: 4183.0ha; Sugarcane: 1468.5ha; Coconut: 970.5ha; Banana: 225.2ha; Cashewnut: 140.8ha
Puducherry,Yanam,518.7,Coconut,275.8,Coconut: 275.8ha; Rice: 220.9ha; Urad: 17.3ha; Moong(Green Gram): 4.7ha
Punjab,Amritsar,381539.3,Wheat,188500.0,Wheat: 188500.0ha; Rice: 180250.0ha; Sugarcane: 5900.0ha; Rapeseed &Mustard: 1725.0ha; Maize: 1700.0ha
Punjab,Barnala,232732.1,Wheat,114250.0,Wheat: 114250.0ha; Rice: 113250.0ha; Cotton(lint): 2550.0ha; Sugarcane: 825.0ha; Rapeseed &Mustard: 575.0ha
Punjab,Bathinda,520383.3,Wheat,254250.0,Wheat: 254250.0ha; Rice: 164500.0ha; Cotton(lint): 91275.0ha; Guar seed: 6275.0ha; Rapeseed &Mustard: 2225.0ha
Punjab,Faridkot,234741.7,Wheat,116250.0,Wheat: 116250.0ha; Rice: 115500.0ha; Cotton(lint): 1825.0ha; Rapeseed &Mustard: 400.0ha; Moong(Green Gram): 400.0ha
Punjab,Fatehgarh Sahib,177366.7,Rice,86000.0,Rice: 86000.0ha; Wheat: 84750.0ha; Sugarcane: 2925.0ha; Sunflower: 1950.0ha; Rapeseed &Mustard: 575.0ha
Punjab,Fazilka,446917.9,Wheat,207750.0,Wheat: 207750.0ha; Rice: 131250.0ha; Cotton(lint): 82350.0ha; Guar seed: 12025.0ha; Rapeseed &Mustard: 5425.0ha
Punjab,Firozepur,357071.4,Wheat,186250.0,Wheat: 186250.0ha; Rice: 168000.0ha; Maize: 1200.0ha; Moong(Green Gram): 471.4ha; Sesamum: 425.0ha
Punjab,Gurdaspur,384016.7,Wheat,184500.0,Wheat: 184500.0ha; Rice: 174250.0ha; Sugarcane: 21300.0ha; Rapeseed &Mustard: 2100.0ha; Maize: 800.0ha
Punjab,Hoshiarpur,306391.7,Wheat,144000.0,Wheat: 144000.0ha; Rice: 75500.0ha; Maize: 55450.0ha; Sugarcane: 23325.0ha; Rapeseed &Mustard: 3625.0ha
Punjab,Jalandhar,361133.3,Rice,172250.0,Rice: 172250.0ha; Wheat: 170000.0ha; Sugarcane: 10525.0ha; Maize: 6025.0ha; Rapeseed &Mustard: 800.0ha
Punjab,Kapurthala,233133.3,Rice,118500.0,Rice: 118500.0ha; Wheat: 108000.0ha; Sugarcane: 3975.0ha; Maize: 1575.0ha; Rapeseed &Mustard: 500.0ha
Punjab,Ludhiana,518864.3,Rice,258750.0,Rice: 258750.0ha; Wheat: 250750.0ha; Sugarcane: 2650.0ha; Moong(Green Gram): 1414.3ha; Rapeseed &Mustard: 1350.0ha
Punjab,Mansa,347192.9,Wheat,171250.0,Wheat: 171250.0ha; Rice: 111250.0ha; Cotton(lint): 57825.0ha; Guar seed: 3550.0ha; Rapeseed &Mustard: 1525.0ha
Punjab,Moga,357850.0,Rice,180250.0,Rice: 180250.0ha; Wheat: 175000.0ha; Moong(Green Gram): 900.0ha; Rapeseed &Mustard: 525.0ha; Barley: 325.0ha
Punjab,Muktsar,426835.0,Wheat,213000.0,Wheat: 213000.0ha; Rice: 178750.0ha; Cotton(lint): 31350.0ha; Guar seed: 1450.0ha; Rapeseed &Mustard: 650.0ha
Punjab,Nawanshahr,153166.7,Wheat,76666.7,Wheat: 76666.7ha; Rice: 60000.0ha; Maize: 8233.3ha; Sugarcane: 6000.0ha; Rapeseed &Mustard: 1666.7ha
Punjab,Pathankot,84283.3,Wheat,40750.0,Wheat: 40750.0ha; Rice: 28000.0ha; Maize: 8175.0ha; Sugarcane: 4050.0ha; Urad: 1233.3ha
Punjab,Patiala,474691.7,Rice,233500.0,Rice: 233500.0ha; Wheat: 232500.0ha; Sugarcane: 1900.0ha; Peas & beans (Pulses): 1500.0ha; Urad: 1100.0ha
Punjab,Rupnagar,135200.0,Wheat,68250.0,Wheat: 68250.0ha; Rice: 39750.0ha; Maize: 21225.0ha; Sugarcane: 2550.0ha; Rapeseed &Mustard: 1850.0ha
Punjab,S,91366.7,Wheat,50000.0,Wheat: 50000.0ha; Rice: 30500.0ha; Maize: 6375.0ha; Sugarcane: 1050.0ha; Rapeseed &Mustard: 800.0ha
Punjab,Sangrur,586741.7,Wheat,288750.0,Wheat: 288750.0ha; Rice: 284500.0ha; Cotton(lint): 5125.0ha; Sugarcane: 3150.0ha; Barley: 1525.0ha
Punjab,Shahid Bhagat Singh Nagar,152500.0,Wheat,77000.0,Wheat: 77000.0ha; Rice: 60000.0ha; Maize: 7700.0ha; Sugarcane: 6000.0ha; Rapeseed &Mustard: 1100.0ha
Punjab,Tarn Taran,374052.4,Wheat,186500.0,Wheat: 186500.0ha; Rice: 184500.0ha; Sugarcane: 750.0ha; Moong(Green Gram): 585.7ha; Sesamum: 575.0ha
Rajasthan,Ajmer,647855.7,Jowar,139483.2,Jowar: 139483.2ha; Gram: 120133.8ha; Moong(Green Gram): 112535.8ha; Bajra: 60872.2ha; Wheat: 51825.8ha
Rajasthan,Alwar,844655.1,Bajra,276952.0,Bajra: 276952.0ha; Rapeseed &Mustard: 243655.5ha; Wheat: 198484.0ha; Cotton(lint): 54330.0ha; Jowar: 22897.0ha
Rajasthan,Banswara,352540.0,Maize,116411.5,Maize: 116411.5ha; Wheat: 95396.8ha; Soyabean: 68947.0ha; Rice: 28516.2ha; Gram: 13711.2ha
Rajasthan,Baran,657027.9,Soyabean,206750.2,Soyabean: 206750.2ha; Wheat: 151663.0ha; Urad: 83190.5ha; Rapeseed &Mustard: 79644.0ha; Gram: 42498.0ha
Rajasthan,Barmer,1590800.8,Bajra,887259.2,Bajra: 887259.2ha; Guar seed: 345289.0ha; Moth: 208509.8ha; Moong(Green Gram): 70085.0ha; Castor seed: 26901.5ha
Rajasthan,Bharatpur,567396.0,Rapeseed &Mustard,216208.5,Rapeseed &Mustard: 216208.5ha; Wheat: 145742.8ha; Bajra: 126352.2ha; Jowar: 49624.5ha; Guar seed: 8891.0ha
Rajasthan,Bhilwara,626494.4,Maize,164708.2,Maize: 164708.2ha; Wheat: 119971.5ha; Urad: 78742.5ha; Jowar: 52375.5ha; Gram: 50003.0ha
Rajasthan,Bikaner,1992725.6,Guar seed,728733.8,Guar seed: 728733.8ha; Moth: 336181.5ha; Gram: 241566.0ha; Groundnut: 219854.2ha; Rapeseed &Mustard: 121051.2ha
Rajasthan,Bundi,483717.2,Wheat,157774.2,Wheat: 157774.2ha; Urad: 117864.5ha; Rice: 49848.5ha; Soyabean: 40344.2ha; Rapeseed &Mustard: 40030.0ha
Rajasthan,Chittorgarh,532017.6,Wheat,157629.0,Wheat: 157629.0ha; Maize: 111794.5ha; Soyabean: 110922.0ha; Rapeseed &Mustard: 32729.5ha; Gram: 27316.5ha
Rajasthan,Churu,1470343.5,Moth,312068.5,Moth: 312068.5ha; Bajra: 262013.2ha; Moong(Green Gram): 229137.8ha; Guar seed: 226563.8ha; Gram: 217545.5ha
Rajasthan,Dausa,351848.3,Bajra,152291.5,Bajra: 152291.5ha; Wheat: 90910.0ha; Rapeseed &Mustard: 52420.5ha; Gram: 16168.0ha; Guar seed: 10932.8ha
Rajasthan,Dholpur,231129.3,Bajra,87993.0,Bajra: 87993.0ha; Rapeseed &Mustard: 65678.2ha; Wheat: 62279.8ha; Potato: 8708.0ha; Sesamum: 2591.2ha
Rajasthan,Dungarpur,196133.8,Maize,61733.8,Maize: 61733.8ha; Wheat: 50799.0ha; Soyabean: 33329.5ha; Rice: 16561.2ha; Gram: 12852.0ha
Rajasthan,Ganganagar,1216570.9,Guar seed,325207.2,Guar seed: 325207.2ha; Wheat: 264367.2ha; Rapeseed &Mustard: 227215.8ha; Cotton(lint): 138969.5ha; Gram: 87440.5ha
Rajasthan,Hanumangarh,1316288.5,Guar seed,407972.8,Guar seed: 407972.8ha; Wheat: 248410.5ha; Cotton(lint): 186056.2ha; Gram: 141100.2ha; Rapeseed &Mustard: 120524.0ha
Rajasthan,Jaipur,945568.7,Bajra,300709.5,Bajra: 300709.5ha; Wheat: 145549.2ha; Moong(Green Gram): 118722.0ha; Rapeseed &Mustard: 86825.8ha; Gram: 81878.2ha
Rajasthan,Jaisalmer,992394.0,Guar seed,536856.2,Guar seed: 536856.2ha; Gram: 161459.8ha; Bajra: 113157.8ha; Moong(Green Gram): 53673.0ha; Rapeseed &Mustard: 44511.0ha
Rajasthan,Jalore,743230.7,Bajra,320758.2,Bajra: 320758.2ha; Moong(Green Gram): 121525.5ha; Rapeseed &Mustard: 78901.0ha; Castor seed: 54538.0ha; Guar seed: 54103.5ha
Rajasthan,Jhalawar,623594.5,Soyabean,224343.2,Soyabean: 224343.2ha; Wheat: 118283.8ha; Coriander: 56257.5ha; Gram: 46772.0ha; Rapeseed &Mustard: 44777.8ha
Rajasthan,Jhunjhunu,610629.0,Bajra,214836.2,Bajra: 214836.2ha; Wheat: 81242.0ha; Gram: 68703.0ha; Rapeseed &Mustard: 67787.0ha; Guar seed: 61262.8ha
Rajasthan,Jodhpur,1547246.4,Bajra,400133.5,Bajra: 400133.5ha; Moong(Green Gram): 313538.8ha; Guar seed: 170551.0ha; Rapeseed &Mustard: 160023.0ha; Groundnut: 127058.2ha
Rajasthan,Karauli,322539.4,Bajra,129865.2,Bajra: 129865.2ha; Rapeseed &Mustard: 81360.2ha; Wheat: 79157.0ha; Sesamum: 16992.8ha; Gram: 8831.0ha
Rajasthan,Kota,512639.8,Soyabean,148500.5,Soyabean: 148500.5ha; Wheat: 142751.2ha; Urad: 73202.5ha; Rapeseed &Mustard: 41058.5ha; Gram: 35632.0ha
Rajasthan,Nagaur,1487971.2,Moong(Green Gram),614910.5,Moong(Green Gram): 614910.5ha; Bajra: 313869.8ha; Guar seed: 92276.8ha; other oilseeds: 83934.5ha; Moth: 72283.2ha
Rajasthan,Pali,753432.3,Moong(Green Gram),276793.5,Moong(Green Gram): 276793.5ha; Wheat: 81283.0ha; Gram: 80980.8ha; Jowar: 77937.8ha; Sesamum: 59661.0ha
Rajasthan,Pratapgarh,306508.5,Soyabean,131979.2,Soyabean: 131979.2ha; Wheat: 71791.2ha; Maize: 41939.5ha; Gram: 21387.5ha; Rapeseed &Mustard: 11946.2ha
Rajasthan,Rajsamand,127794.9,Maize,63441.2,Maize: 63441.2ha; Wheat: 30598.0ha; Jowar: 10112.2ha; Barley: 7090.5ha; Cotton(lint): 4233.0ha
Rajasthan,Sawai Madhopur,420627.1,Rapeseed &Mustard,142831.5,Rapeseed &Mustard: 142831.5ha; Wheat: 73431.2ha; Bajra: 66501.2ha; Urad: 58673.8ha; Gram: 32751.2ha
Rajasthan,Sikar,687114.3,Bajra,270794.5,Bajra: 270794.5ha; Wheat: 86537.8ha; Guar seed: 85308.8ha; Moong(Green Gram): 56114.2ha; Gram: 47936.0ha
Rajasthan,Sirohi,191209.2,Castor seed,38740.8,Castor seed: 38740.8ha; Wheat: 30636.5ha; Maize: 20424.0ha; Sesamum: 18591.0ha; Groundnut: 16168.0ha
Rajasthan,Tonk,712647.0,Rapeseed &Mustard,245858.0,Rapeseed &Mustard: 245858.0ha; Urad: 94821.2ha; Gram: 79313.2ha; Moong(Green Gram): 74372.5ha; Jowar: 60192.0ha
Rajasthan,Udaipur,331444.6,Maize,163620.5,Maize: 163620.5ha; Wheat: 79834.5ha; Soyabean: 22653.8ha; Guar seed: 11176.0ha; Gram: 9627.2ha
Sikkim,East District,19167.4,Maize,8716.2,Maize: 8716.2ha; Rice: 4681.5ha; Rapeseed &Mustard: 1499.0ha; Other Cereals: 1215.8ha; Soyabean: 1075.5ha
Sikkim,North District,5598.8,Maize,2768.5,Maize: 2768.5ha; Rice: 938.5ha; Small millets: 609.8ha; Rapeseed &Mustard: 311.0ha; Soyabean: 302.0ha
Sikkim,South District,22846.3,Maize,13547.5,Maize: 13547.5ha; Rice: 1770.0ha; Urad: 1705.0ha; Other Cereals: 1337.5ha; Soyabean: 1264.0ha
Sikkim,West District,18127.1,Maize,13248.0,Maize: 13248.0ha; Rice: 2090.8ha; Urad: 641.5ha; Other Kharif pulses: 525.5ha; Other Cereals: 523.5ha
Tamil Nadu,Ariyalur,67326.6,Cashewnut,30361.5,Cashewnut: 30361.5ha; Rice: 8407.8ha; Maize: 7731.6ha; Sugarcane: 4947.8ha; Cotton(lint): 4927.4ha
Tamil Nadu,Chengalpattu,1921.0,Coconut,1905.0,Coconut: 1905.0ha; Small millets: 5.0ha; Other Kharif pulses: 5.0ha; Other Cereals: 4.0ha; Maize: 2.0ha
Tamil Nadu,Chennai,157.8,Rice,60.8,Rice: 60.8ha; Coconut: 60.0ha; Banana: 30.0ha; Sesamum: 3.0ha; Moong(Green Gram): 2.0ha
Tamil Nadu,Coimbatore,123587.3,Coconut,87174.0,Coconut: 87174.0ha; Jowar: 13224.4ha; Banana: 6758.8ha; Arecanut: 1946.8ha; Maize: 1896.0ha
Tamil Nadu,Cuddalore,169305.6,Rice,52863.9,Rice: 52863.9ha; Cashewnut: 29187.0ha; Urad: 25205.6ha; Sugarcane: 18190.2ha; Maize: 10437.1ha
Tamil Nadu,Dharmapuri,109064.3,Jowar,13852.4,Jowar: 13852.4ha; Tapioca: 11434.0ha; Arhar/Tur: 9026.8ha; Coconut: 8128.5ha; Other Kharif pulses: 6972.3ha
Tamil Nadu,Dindigul,99907.5,Coconut,29314.2,Coconut: 29314.2ha; Jowar: 24368.8ha; Maize: 12528.0ha; Urad: 5051.6ha; Cowpea(Lobia): 3321.2ha
Tamil Nadu,Erode,89587.9,Coconut,14332.0,Coconut: 14332.0ha; Sugarcane: 13277.8ha; Banana: 12326.8ha; Groundnut: 9123.9ha; Rice: 8159.1ha
Tamil Nadu,Kallakurichi,638.0,Small millets,356.0,Small millets: 356.0ha; Coconut: 245.0ha; Castor seed: 36.0ha; Other Cereals: 1.0ha
Tamil Nadu,Kanchipuram,45065.1,Rice,32093.5,Rice: 32093.5ha; Groundnut: 5523.8ha; Coconut: 2065.8ha; Sugarcane: 1779.8ha; Urad: 1622.5ha
Tamil Nadu,Kanniyakumari,36857.2,Coconut,24273.2,Coconut: 24273.2ha; Banana: 5204.8ha; Rice: 4470.9ha; Tapioca: 1117.5ha; Cashewnut: 982.0ha
Tamil Nadu,Karur,36708.2,Jowar,9022.0,Jowar: 9022.0ha; Coconut: 6728.8ha; Rice: 5341.0ha; Banana: 2607.2ha; Arhar/Tur: 2085.6ha
Tamil Nadu,Krishnagiri,90409.1,Ragi,19978.6,Ragi: 19978.6ha; Coconut: 15267.5ha; Horse-gram: 10316.3ha; Rice: 8740.1ha; Other Kharif pulses: 8144.7ha
Tamil Nadu,Madurai,54869.1,Rice,12026.4,Rice: 12026.4ha; Coconut: 10709.5ha; Maize: 6210.4ha; Jowar: 5317.1ha; Cotton(lint): 5158.9ha
Tamil Nadu,Nagapattinam,119879.8,Rice,66766.2,Rice: 66766.2ha; Moong(Green Gram): 25706.4ha; Urad: 17584.1ha; Coconut: 3607.8ha; Cotton(lint): 1721.5ha
Tamil Nadu,Namakkal,112982.2,Jowar,35399.8,Jowar: 35399.8ha; Tapioca: 17021.2ha; Groundnut: 14785.1ha; Sugarcane: 10723.2ha; Coconut: 8639.5ha
Tamil Nadu,Perambalur,52808.8,Maize,25884.5,Maize: 25884.5ha; Cotton(lint): 11074.5ha; Sugarcane: 4091.0ha; Onion: 3699.2ha; Rice: 2132.7ha
Tamil Nadu,Pudukkottai,62853.4,Rice,31755.7,Rice: 31755.7ha; Coconut: 9802.0ha; Cashewnut: 5520.2ha; Groundnut: 4996.5ha; Sugarcane: 3011.0ha
Tamil Nadu,Ramanathapuram,167062.4,Rice,125349.2,Rice: 125349.2ha; Dry chillies: 16555.8ha; Coconut: 7846.0ha; Jowar: 4527.8ha; Groundnut: 2323.0ha
Tamil Nadu,Ranipet,1023.0,Coconut,915.0,Coconut: 915.0ha; Other Kharif pulses: 102.0ha; Other Rabi pulses: 6.0ha
Tamil Nadu,Salem,139066.4,Jowar,24349.0,Jowar: 24349.0ha; Maize: 16542.4ha; Coconut: 13076.2ha; Tapioca: 9848.5ha; Cowpea(Lobia): 9799.8ha
Tamil Nadu,Sivaganga,49100.4,Rice,27122.0,Rice: 27122.0ha; Coconut: 7155.5ha; Dry chillies: 4641.5ha; Cashewnut: 3135.0ha; Sugarcane: 2839.8ha
Tamil Nadu,Tenkasi,11692.0,Coconut,11618.0,Coconut: 11618.0ha; Other Cereals: 69.0ha; Castor seed: 3.0ha; Other Kharif pulses: 2.0ha
Tamil Nadu,Thanjavur,139334.3,Rice,69570.6,Rice: 69570.6ha; Coconut: 37593.8ha; Urad: 12939.0ha; Sugarcane: 4916.5ha; Banana: 3688.5ha
Tamil Nadu,The Nilgiris,4345.1,Black pepper,982.8,Black pepper: 982.8ha; Cardamom: 931.5ha; Banana: 636.0ha; Potato: 469.1ha; Arecanut: 363.5ha
Tamil Nadu,Theni,60704.8,Coconut,21202.8,Coconut: 21202.8ha; Banana: 5493.5ha; Jowar: 4508.1ha; Rice: 3569.6ha; Sugarcane: 3509.5ha
Tamil Nadu,Thiruvallur,55384.1,Rice,38505.8,Rice: 38505.8ha; Sugarcane: 5209.0ha; Moong(Green Gram): 4487.0ha; Groundnut: 3207.8ha; Sesamum: 730.6ha
Tamil Nadu,Thiruvarur,136392.1,Rice,73756.6,Rice: 73756.6ha; Moong(Green Gram): 28640.7ha; Urad: 19639.6ha; Cotton(lint): 6484.0ha; Coconut: 4964.2ha
Tamil Nadu,Thoothukudi,125875.0,Maize,24379.8,Maize: 24379.8ha; Urad: 24365.8ha; Moong(Green Gram): 18123.4ha; Dry chillies: 12025.7ha; Jowar: 9825.7ha
Tamil Nadu,Tiruchirappalli,78905.7,Rice,16757.5,Rice: 16757.5ha; Jowar: 16603.8ha; Banana: 6363.2ha; Maize: 6308.6ha; Cotton(lint): 6107.4ha
Tamil Nadu,Tirunelveli,80977.6,Rice,25538.5,Rice: 25538.5ha; Urad: 15926.6ha; Coconut: 13558.8ha; Maize: 6439.8ha; Banana: 5879.5ha
Tamil Nadu,Tirupathur,13994.0,Coconut,11351.0,Coconut: 11351.0ha; Small millets: 1917.0ha; Other Kharif pulses: 522.0ha; Castor seed: 124.0ha; Other Rabi pulses: 40.0ha
Tamil Nadu,Tiruppur,118780.9,Coconut,60905.2,Coconut: 60905.2ha; Jowar: 18368.8ha; Maize: 10360.2ha; Rice: 4225.1ha; Groundnut: 3540.1ha
Tamil Nadu,Tiruvannamalai,141720.0,Rice,49858.4,Rice: 49858.4ha; Groundnut: 33661.8ha; Sugarcane: 19076.0ha; Urad: 16593.0ha; Small millets: 4889.0ha
Tamil Nadu,Tuticorin,130562.0,Maize,33233.0,Maize: 33233.0ha; Urad: 27673.5ha; Moong(Green Gram): 12670.5ha; Dry chillies: 11067.0ha; Jowar: 8775.5ha
Tamil Nadu,Vellore,93485.2,Rice,18571.4,Rice: 18571.4ha; Coconut: 17462.2ha; Groundnut: 16589.6ha; Arhar/Tur: 8682.0ha; Sugarcane: 5033.5ha
Tamil Nadu,Villupuram,223813.9,Rice,53300.6,Rice: 53300.6ha; Sugarcane: 48011.0ha; Urad: 44860.4ha; Groundnut: 17331.9ha; Tapioca: 12846.2ha
Tamil Nadu,Virudhunagar,64098.1,Maize,13542.4,Maize: 13542.4ha; Coconut: 10093.5ha; Cotton(lint): 9220.6ha; Rice: 7709.9ha; Jowar: 6052.2ha
Telangana,Adilabad,215530.1,Cotton(lint),132645.8,Cotton(lint): 132645.8ha; Soyabean: 32242.0ha; Gram: 22338.8ha; Arhar/Tur: 18029.2ha; Jowar: 3529.4ha
Telangana,Bhadradri,89798.9,Cotton(lint),45216.5,Cotton(lint): 45216.5ha; Rice: 30245.4ha; Maize: 5559.6ha; Dry chillies: 2949.8ha; Cashewnut: 1502.2ha
Telangana,Dadra And Nagar Haveli,11304.0,Rice,8400.0,Rice: 8400.0ha; Ragi: 900.0ha; Urad: 900.0ha; Arhar/Tur: 700.0ha; Other Rabi pulses: 160.0ha
Telangana,Daman,1432.0,Rice,1432.0,Rice: 1432.0ha
Telangana,Diu,496.0,Bajra,496.0,Bajra: 496.0ha
Telangana,Hanumakonda,74925.5,Cotton(lint),30888.0,Cotton(lint): 30888.0ha; Rice: 28424.5ha; Maize: 13365.0ha; Arhar/Tur: 689.0ha; Turmeric: 446.0ha
Telangana,Jagitial,121947.8,Rice,61634.9,Rice: 61634.9ha; Maize: 16173.9ha; Turmeric: 13052.0ha; Cotton(lint): 10860.8ha; Sesamum: 6868.2ha
Telangana,Jangoan,108700.5,Cotton(lint),66928.5,Cotton(lint): 66928.5ha; Rice: 28075.0ha; Maize: 7286.2ha; Arhar/Tur: 2993.6ha; Groundnut: 1100.2ha
Telangana,Jayashankar,103215.1,Cotton(lint),58057.5,Cotton(lint): 58057.5ha; Rice: 33720.5ha; Dry chillies: 5919.9ha; Maize: 2991.4ha; Turmeric: 633.0ha
Telangana,Jogulamba,128022.2,Cotton(lint),58360.5,Cotton(lint): 58360.5ha; Rice: 15113.4ha; Gram: 13330.2ha; Arhar/Tur: 10174.3ha; Groundnut: 8886.9ha
Telangana,Kamareddy,163307.3,Rice,51398.8,Rice: 51398.8ha; Soyabean: 32665.8ha; Gram: 21083.8ha; Maize: 20797.8ha; Cotton(lint): 15782.8ha
Telangana,Karimnagar,118840.5,Rice,58664.4,Rice: 58664.4ha; Cotton(lint): 45146.8ha; Maize: 11847.1ha; Arhar/Tur: 1059.2ha; Groundnut: 925.6ha
Telangana,Khammam,189940.9,Cotton(lint),94580.8,Cotton(lint): 94580.8ha; Rice: 58079.9ha; Maize: 12405.5ha; Dry chillies: 11674.2ha; Moong(Green Gram): 5892.6ha
Telangana,Komaram Bheem Asifabad,122708.7,Cotton(lint),92786.2,Cotton(lint): 92786.2ha; Rice: 8516.0ha; Arhar/Tur: 7850.6ha; Soyabean: 6372.0ha; Jowar: 2292.9ha
Telangana,Mahabubabad,103055.9,Cotton(lint),37499.8,Cotton(lint): 37499.8ha; Rice: 30924.8ha; Maize: 10775.5ha; Dry chillies: 7324.0ha; Moong(Green Gram): 5826.2ha
Telangana,Mahbubnagar,146348.0,Cotton(lint),45890.2,Cotton(lint): 45890.2ha; Arhar/Tur: 37077.2ha; Rice: 20145.0ha; Maize: 18237.4ha; Jowar: 9228.6ha
Telangana,Mancherial,95238.4,Cotton(lint),59523.8,Cotton(lint): 59523.8ha; Rice: 31699.6ha; Arhar/Tur: 1411.2ha; Maize: 660.8ha; Dry chillies: 530.2ha
Telangana,Medak,70804.3,Rice,34748.9,Rice: 34748.9ha; Cotton(lint): 15910.2ha; Maize: 12310.0ha; Arhar/Tur: 1950.2ha; Moong(Green Gram): 1330.4ha
Telangana,Medchal,4745.5,Rice,3759.8,Rice: 3759.8ha; Maize: 572.5ha; Arhar/Tur: 135.0ha; Cotton(lint): 113.0ha; Gram: 77.7ha
Telangana,Medchal Malkajgiri,5562.0,Rice,4508.0,Rice: 4508.0ha; Maize: 626.0ha; Cotton(lint): 174.0ha; Arhar/Tur: 122.0ha; Jowar: 65.5ha
Telangana,Mulugu,45189.9,Rice,25924.5,Rice: 25924.5ha; Cotton(lint): 11836.0ha; Dry chillies: 3784.5ha; Maize: 2033.2ha; Urad: 392.5ha
Telangana,Nagarkurnool,199744.0,Cotton(lint),113902.5,Cotton(lint): 113902.5ha; Maize: 34548.6ha; Groundnut: 24056.9ha; Rice: 17256.9ha; Arhar/Tur: 4692.9ha
Telangana,Nalgonda,345971.0,Cotton(lint),234783.2,Cotton(lint): 234783.2ha; Rice: 94488.9ha; Arhar/Tur: 9941.0ha; Groundnut: 2721.2ha; Dry chillies: 1300.1ha
Telangana,Narayanapet,147275.5,Arhar/Tur,59861.5,Arhar/Tur: 59861.5ha; Cotton(lint): 52853.0ha; Rice: 22629.8ha; Castor seed: 3641.0ha; Jowar: 2835.2ha
Telangana,Nirmal,175100.1,Cotton(lint),55640.8,Cotton(lint): 55640.8ha; Soyabean: 39224.5ha; Rice: 24573.5ha; Maize: 14964.4ha; Gram: 13701.0ha
Telangana,Nizamabad,186386.1,Rice,100193.5,Rice: 100193.5ha; Soyabean: 31705.8ha; Turmeric: 14782.8ha; Maize: 14430.8ha; Gram: 11035.5ha
Telangana,Peddapalli,97108.3,Rice,54893.5,Rice: 54893.5ha; Cotton(lint): 34033.0ha; Maize: 3543.2ha; Bajra: 2621.0ha; Arhar/Tur: 528.6ha
Telangana,Rajanna,82583.0,Cotton(lint),48710.0,Cotton(lint): 48710.0ha; Rice: 29557.6ha; Maize: 1562.1ha; Arhar/Tur: 1280.5ha; Moong(Green Gram): 364.1ha
Telangana,Rangareddi,124357.5,Cotton(lint),71216.2,Cotton(lint): 71216.2ha; Maize: 26545.5ha; Rice: 11801.4ha; Arhar/Tur: 6809.2ha; Jowar: 3614.1ha
Telangana,Sangareddy,234334.1,Cotton(lint),103823.5,Cotton(lint): 103823.5ha; Soyabean: 23090.0ha; Arhar/Tur: 22386.0ha; Moong(Green Gram): 17306.0ha; Rice: 15162.9ha
Telangana,Siddipet,169312.8,Cotton(lint),73765.2,Cotton(lint): 73765.2ha; Rice: 41249.8ha; Maize: 40299.5ha; Arhar/Tur: 7086.5ha; Gram: 3244.8ha
Telangana,Suryapet,165921.5,Rice,93979.6,Rice: 93979.6ha; Cotton(lint): 49171.5ha; Moong(Green Gram): 8137.7ha; Arhar/Tur: 6906.8ha; Groundnut: 2976.5ha
Telangana,The Dadra And Nagar Haveli And Daman And Diu,0.0,Wheat,0.0,Wheat: 0.0ha
Telangana,Vikarabad,136803.1,Cotton(lint),53761.2,Cotton(lint): 53761.2ha; Arhar/Tur: 28658.6ha; Maize: 15507.4ha; Rice: 9984.2ha; Moong(Green Gram): 7994.0ha
Telangana,Wanaparthy,74770.2,Rice,32783.0,Rice: 32783.0ha; Groundnut: 11375.0ha; Arhar/Tur: 9017.7ha; Maize: 7305.2ha; Gram: 3215.0ha
Telangana,Warangal,134761.4,Cotton(lint),68041.2,Cotton(lint): 68041.2ha; Rice: 30594.6ha; Maize: 21124.6ha; Turmeric: 6285.0ha; Dry chillies: 3226.1ha
Telangana,Warangal Urban,61939.8,Cotton(lint),32762.3,Cotton(lint): 32762.3ha; Rice: 16911.2ha; Maize: 10080.3ha; Arhar/Tur: 602.8ha; Turmeric: 469.7ha
Telangana,Yadadri,125787.6,Cotton(lint),62982.5,Cotton(lint): 62982.5ha; Rice: 49497.4ha; Arhar/Tur: 10143.5ha; Maize: 1254.0ha; Jowar: 765.1ha
Tripura,Dhalai,18242.2,Rice,8582.4,Rice: 8582.4ha; Maize: 1542.6ha; Arhar/Tur: 1416.8ha; Sesamum: 1341.5ha; Rapeseed &Mustard: 1129.8ha
Tripura,Gomati,16851.6,Rice,9646.6,Rice: 9646.6ha; Maize: 1248.4ha; Rapeseed &Mustard: 1207.0ha; Sesamum: 1000.8ha; Arhar/Tur: 798.8ha
Tripura,Khowai,11859.4,Rice,6453.1,Rice: 6453.1ha; Rapeseed &Mustard: 1112.5ha; Maize: 879.4ha; Sesamum: 664.2ha; Arhar/Tur: 603.2ha
Tripura,North Tripura,14435.3,Rice,7244.2,Rice: 7244.2ha; Rapeseed &Mustard: 1183.0ha; Sesamum: 1114.2ha; Maize: 1029.6ha; Arhar/Tur: 768.8ha
Tripura,Sepahijala,16477.4,Rice,12589.0,Rice: 12589.0ha; Rapeseed &Mustard: 689.8ha; Sesamum: 617.8ha; Maize: 552.6ha; Peas & beans (Pulses): 389.8ha
Tripura,South Tripura,17241.6,Rice,11240.3,Rice: 11240.3ha; Rapeseed &Mustard: 922.2ha; Sesamum: 805.2ha; Maize: 792.9ha; Arhar/Tur: 582.8ha
Tripura,Unakoti,9054.6,Rice,5538.4,Rice: 5538.4ha; Rapeseed &Mustard: 598.5ha; Cowpea(Lobia): 459.0ha; Maize: 406.9ha; Arhar/Tur: 359.0ha
Tripura,West Tripura,12305.4,Rice,6698.0,Rice: 6698.0ha; Maize: 1178.8ha; Rapeseed &Mustard: 887.0ha; Sesamum: 649.5ha; Arhar/Tur: 497.2ha
Uttar Pradesh,Agra,383863.4,Wheat,133836.5,Wheat: 133836.5ha; Bajra: 117631.8ha; Potato: 59631.2ha; Rapeseed &Mustard: 55480.5ha; Barley: 6381.5ha
Uttar Pradesh,Aligarh,461341.4,Wheat,221773.0,Wheat: 221773.0ha; Bajra: 85363.8ha; Rice: 70256.0ha; Potato: 23823.5ha; Rapeseed &Mustard: 23094.5ha
Uttar Pradesh,Allahabad,472287.3,Wheat,213751.8,Wheat: 213751.8ha; Rice: 160718.2ha; Bajra: 24119.0ha; Gram: 14730.8ha; Arhar/Tur: 14248.5ha
Uttar Pradesh,Ambedkar Nagar,268249.7,Wheat,118963.2,Wheat: 118963.2ha; Rice: 116956.8ha; Sugarcane: 11736.8ha; Rapeseed &Mustard: 4873.0ha; Potato: 3825.2ha
Uttar Pradesh,Amethi,258845.3,Wheat,127825.2,Wheat: 127825.2ha; Rice: 94176.4ha; Peas & beans (Pulses): 5121.2ha; Urad: 4450.1ha; Potato: 4286.2ha
Uttar Pradesh,Amroha,205707.1,Wheat,90279.5,Wheat: 90279.5ha; Sugarcane: 76490.2ha; Rice: 25712.2ha; Potato: 3441.5ha; Rapeseed &Mustard: 3219.0ha
Uttar Pradesh,Auraiya,212960.5,Wheat,101442.8,Wheat: 101442.8ha; Rice: 39663.8ha; Bajra: 30679.2ha; Rapeseed &Mustard: 14196.0ha; Potato: 4911.5ha
Uttar Pradesh,Azamgarh,453458.1,Wheat,232570.2,Wheat: 232570.2ha; Rice: 170663.0ha; Sugarcane: 20094.0ha; Arhar/Tur: 7085.8ha; Peas & beans (Pulses): 6177.2ha
Uttar Pradesh,Baghpat,140552.0,Sugarcane,74535.8,Sugarcane: 74535.8ha; Wheat: 55228.8ha; Rice: 6262.5ha; Rapeseed &Mustard: 1901.0ha; Bajra: 851.0ha
Uttar Pradesh,Bahraich,444468.4,Rice,162076.5,Rice: 162076.5ha; Wheat: 161284.0ha; Masoor: 49257.2ha; Maize: 27224.9ha; Sugarcane: 22485.2ha
Uttar Pradesh,Ballia,296684.1,Wheat,137103.2,Wheat: 137103.2ha; Rice: 93261.8ha; Masoor: 19020.0ha; Maize: 10649.5ha; Potato: 8856.2ha
Uttar Pradesh,Balrampur,277520.4,Rice,88255.0,Rice: 88255.0ha; Wheat: 86020.2ha; Sugarcane: 44145.2ha; Masoor: 25682.8ha; Rapeseed &Mustard: 18361.5ha
Uttar Pradesh,Banda,411806.3,Wheat,169425.5,Wheat: 169425.5ha; Gram: 84793.5ha; Rice: 52946.8ha; Masoor: 34074.8ha; Jowar: 23110.0ha
Uttar Pradesh,Barabanki,422864.2,Rice,182266.0,Rice: 182266.0ha; Wheat: 166012.5ha; Rapeseed &Mustard: 21543.2ha; Potato: 16248.8ha; Masoor: 12287.2ha
Uttar Pradesh,Bareilly,415165.4,Wheat,201767.2,Wheat: 201767.2ha; Sugarcane: 94830.8ha; Rice: 77815.0ha; Rapeseed &Mustard: 16768.2ha; Bajra: 7066.8ha
Uttar Pradesh,Basti,263034.2,Wheat,119669.2,Wheat: 119669.2ha; Rice: 84162.0ha; Sugarcane: 41306.8ha; Peas & beans (Pulses): 4294.8ha; Arhar/Tur: 3188.2ha
Uttar Pradesh,Bijnor,388932.7,Sugarcane,203154.2,Sugarcane: 203154.2ha; Wheat: 149949.2ha; Rice: 27108.8ha; Rapeseed &Mustard: 5296.8ha; Urad: 876.2ha
Uttar Pradesh,Budaun,493546.2,Wheat,233449.8,Wheat: 233449.8ha; Bajra: 92679.0ha; Rice: 46050.1ha; Rapeseed &Mustard: 37246.8ha; Sugarcane: 28532.8ha
Uttar Pradesh,Bulandshahr,364440.0,Wheat,195148.8,Wheat: 195148.8ha; Rice: 52423.9ha; Sugarcane: 49418.8ha; Maize: 17248.0ha; Bajra: 13193.2ha
Uttar Pradesh,Chandauli,219449.7,Wheat,102986.8,Wheat: 102986.8ha; Rice: 91417.6ha; Masoor: 9843.5ha; Bajra: 5037.2ha; Arhar/Tur: 2888.8ha
Uttar Pradesh,Chitrakoot,185097.0,Wheat,50789.8,Wheat: 50789.8ha; Gram: 44499.8ha; Masoor: 20427.2ha; Jowar: 17520.5ha; Arhar/Tur: 16661.8ha
Uttar Pradesh,Deoria,265606.8,Wheat,152653.5,Wheat: 152653.5ha; Rice: 88223.7ha; Sugarcane: 9071.5ha; Arhar/Tur: 4645.5ha; Maize: 2524.8ha
Uttar Pradesh,Etah,254971.3,Wheat,135657.5,Wheat: 135657.5ha; Bajra: 46570.0ha; Rice: 13859.4ha; Rapeseed &Mustard: 13444.5ha; Maize: 8946.7ha
Uttar Pradesh,Etawah,235096.1,Wheat,96664.5,Wheat: 96664.5ha; Rice: 51843.8ha; Bajra: 36726.8ha; Potato: 16761.0ha; Rapeseed &Mustard: 16109.5ha
Uttar Pradesh,Faizabad,232474.3,Wheat,109110.0,Wheat: 109110.0ha; Rice: 78639.6ha; Sugarcane: 21350.0ha; Potato: 4316.2ha; Rapeseed &Mustard: 4272.2ha
Uttar Pradesh,Farrukhabad,170842.9,Wheat,75944.0,Wheat: 75944.0ha; Potato: 33702.8ha; Rice: 11775.0ha; Maize: 10843.2ha; Sugarcane: 8245.0ha
Uttar Pradesh,Fatehpur,396306.8,Wheat,174468.0,Wheat: 174468.0ha; Rice: 83246.8ha; Gram: 38871.2ha; Arhar/Tur: 16589.0ha; Rapeseed &Mustard: 16148.5ha
Uttar Pradesh,Firozabad,269142.9,Wheat,98088.8,Wheat: 98088.8ha; Bajra: 75709.8ha; Potato: 47866.0ha; Rice: 13144.6ha; Rapeseed &Mustard: 11703.5ha
Uttar Pradesh,Gautam Buddha Nagar,71734.2,Wheat,43741.0,Wheat: 43741.0ha; Rice: 11863.6ha; Bajra: 5090.2ha; Jowar: 3625.0ha; Arhar/Tur: 2114.2ha
Uttar Pradesh,Ghaziabad,63802.2,Wheat,28474.2,Wheat: 28474.2ha; Sugarcane: 22167.8ha; Rice: 9506.0ha; Rapeseed &Mustard: 1648.8ha; Arhar/Tur: 766.2ha
Uttar Pradesh,Ghazipur,366626.4,Wheat,175295.8,Wheat: 175295.8ha; Rice: 120202.4ha; Bajra: 15176.0ha; Masoor: 10748.5ha; Potato: 10747.2ha
Uttar Pradesh,Gonda,389100.3,Wheat,153118.2,Wheat: 153118.2ha; Rice: 101711.0ha; Sugarcane: 78779.8ha; Maize: 16289.9ha; Masoor: 13859.8ha
Uttar Pradesh,Gorakhpur,314314.9,Wheat,188951.0,Wheat: 188951.0ha; Rice: 86083.6ha; Banana: 14424.5ha; Potato: 4440.8ha; Rapeseed &Mustard: 4042.5ha
Uttar Pradesh,Hamirpur,347725.0,Wheat,118276.2,Wheat: 118276.2ha; Gram: 84963.2ha; Sesamum: 33417.0ha; Masoor: 24282.0ha; Urad: 19338.8ha
Uttar Pradesh,Hapur,106357.5,Wheat,42297.2,Wheat: 42297.2ha; Sugarcane: 37968.2ha; Rice: 16812.8ha; Potato: 3554.8ha; Rapeseed &Mustard: 2794.8ha
Uttar Pradesh,Hardoi,524404.2,Wheat,313991.2,Wheat: 313991.2ha; Rice: 72696.0ha; Sugarcane: 38180.0ha; Sesamum: 18062.5ha; Rapeseed &Mustard: 14724.0ha
Uttar Pradesh,Hathras,202740.8,Wheat,81307.8,Wheat: 81307.8ha; Bajra: 42533.5ha; Potato: 42181.0ha; Rice: 13536.0ha; Rapeseed &Mustard: 10744.5ha
Uttar Pradesh,Jalaun,387751.7,Wheat,150157.5,Wheat: 150157.5ha; Peas & beans (Pulses): 71896.8ha; Sesamum: 37892.8ha; Gram: 35341.5ha; Masoor: 28326.5ha
Uttar Pradesh,Jaunpur,406174.5,Wheat,209198.0,Wheat: 209198.0ha; Rice: 119362.8ha; Maize: 14953.8ha; Potato: 12964.5ha; Arhar/Tur: 9695.8ha
Uttar Pradesh,Jhansi,480222.1,Wheat,162267.8,Wheat: 162267.8ha; Sesamum: 84502.2ha; Gram: 54531.8ha; Peas & beans (Pulses): 51237.5ha; Urad: 42981.0ha
Uttar Pradesh,Kannauj,184833.2,Wheat,78152.8,Wheat: 78152.8ha; Potato: 48175.8ha; Maize: 18292.8ha; Rice: 16414.0ha; Rapeseed &Mustard: 8214.5ha
Uttar Pradesh,Kanpur Dehat,263659.7,Wheat,121292.0,Wheat: 121292.0ha; Rice: 33249.2ha; Gram: 23564.2ha; Rapeseed &Mustard: 23534.2ha; Bajra: 16898.8ha
Uttar Pradesh,Kanpur Nagar,222011.0,Wheat,104281.0,Wheat: 104281.0ha; Rice: 26946.2ha; Gram: 15375.0ha; Rapeseed &Mustard: 14135.8ha; Jowar: 12420.5ha
Uttar Pradesh,Kasganj,213271.7,Wheat,95826.8,Wheat: 95826.8ha; Bajra: 40531.5ha; Maize: 16254.4ha; Rice: 12670.4ha; Rapeseed &Mustard: 10554.0ha
Uttar Pradesh,Kaushambi,170941.3,Wheat,74740.0,Wheat: 74740.0ha; Rice: 46195.0ha; Bajra: 10196.8ha; Gram: 8648.2ha; Arhar/Tur: 6357.8ha
Uttar Pradesh,Kheri,590092.0,Sugarcane,242875.2,Sugarcane: 242875.2ha; Wheat: 193569.0ha; Rice: 90409.8ha; Rapeseed &Mustard: 27350.5ha; Masoor: 13046.2ha
Uttar Pradesh,Kushi Nagar,317813.8,Wheat,118785.0,Wheat: 118785.0ha; Rice: 96466.0ha; Sugarcane: 70139.2ha; Banana: 11539.2ha; Rapeseed &Mustard: 9982.5ha
Uttar Pradesh,Lalitpur,435219.3,Wheat,170905.0,Wheat: 170905.0ha; Urad: 92378.7ha; Peas & beans (Pulses): 57426.2ha; Maize: 23576.5ha; Gram: 18725.8ha
Uttar Pradesh,Lucknow,158343.0,Wheat,81023.8,Wheat: 81023.8ha; Rice: 54726.2ha; Potato: 4818.0ha; Rapeseed &Mustard: 4415.8ha; Urad: 2831.9ha
Uttar Pradesh,Maharajganj,300172.2,Wheat,147774.2,Wheat: 147774.2ha; Rice: 109448.5ha; Sugarcane: 18627.8ha; Masoor: 9572.8ha; Banana: 4289.8ha
Uttar Pradesh,Mahoba,303992.5,Wheat,72188.0,Wheat: 72188.0ha; Gram: 54673.8ha; Urad: 45003.2ha; Peas & beans (Pulses): 31954.5ha; Sesamum: 27614.0ha
Uttar Pradesh,Mainpuri,268682.4,Wheat,150868.2,Wheat: 150868.2ha; Rice: 41920.8ha; Bajra: 18370.5ha; Potato: 13951.8ha; Maize: 13615.0ha
Uttar Pradesh,Mathura,358038.1,Wheat,198548.5,Wheat: 198548.5ha; Rice: 48065.0ha; Rapeseed &Mustard: 46855.5ha; Bajra: 40642.0ha; Potato: 12056.2ha
Uttar Pradesh,Mau,199370.0,Wheat,95184.5,Wheat: 95184.5ha; Rice: 87950.8ha; Sugarcane: 6590.8ha; Arhar/Tur: 2211.5ha; Barley: 2032.8ha
Uttar Pradesh,Meerut,232403.8,Sugarcane,133453.8,Sugarcane: 133453.8ha; Wheat: 76600.5ha; Rice: 7711.9ha; Potato: 5684.2ha; Rapeseed &Mustard: 5296.0ha
Uttar Pradesh,Mirzapur,253486.1,Wheat,96467.8,Wheat: 96467.8ha; Rice: 88367.5ha; Gram: 13328.0ha; Arhar/Tur: 12954.8ha; Bajra: 9636.2ha
Uttar Pradesh,Moradabad,225528.9,Wheat,120620.5,Wheat: 120620.5ha; Sugarcane: 48146.2ha; Rice: 46540.2ha; Bajra: 2933.0ha; Rapeseed &Mustard: 2394.2ha
Uttar Pradesh,Muzaffarnagar,271532.3,Sugarcane,174863.2,Sugarcane: 174863.2ha; Wheat: 83400.8ha; Rice: 6772.6ha; Rapeseed &Mustard: 3900.5ha; Potato: 1099.8ha
Uttar Pradesh,Pilibhit,313619.5,Wheat,139818.0,Wheat: 139818.0ha; Rice: 82957.0ha; Sugarcane: 72900.8ha; Rapeseed &Mustard: 11074.5ha; Masoor: 1479.2ha
Uttar Pradesh,Pratapgarh,292688.4,Wheat,149352.0,Wheat: 149352.0ha; Rice: 96925.0ha; Bajra: 10365.2ha; Arhar/Tur: 6592.2ha; Potato: 5869.0ha
Uttar Pradesh,Rae Bareli,273507.9,Wheat,133245.5,Wheat: 133245.5ha; Rice: 90490.0ha; Rapeseed &Mustard: 7199.5ha; Urad: 7056.8ha; Gram: 6094.5ha
Uttar Pradesh,Rampur,258888.8,Wheat,146448.2,Wheat: 146448.2ha; Rice: 71854.2ha; Sugarcane: 22450.5ha; Rapeseed &Mustard: 4032.0ha; Urad: 3553.2ha
Uttar Pradesh,Saharanpur,307685.5,Sugarcane,138017.0,Sugarcane: 138017.0ha; Wheat: 112102.8ha; Rice: 46616.4ha; Groundnut: 3152.8ha; Maize: 2913.4ha
Uttar Pradesh,Sambhal,315422.5,Wheat,138910.2,Wheat: 138910.2ha; Bajra: 72606.0ha; Rice: 38173.0ha; Sugarcane: 29538.0ha; Rapeseed &Mustard: 12393.8ha
Uttar Pradesh,Sant Kabeer Nagar,158571.5,Wheat,91174.8,Wheat: 91174.8ha; Rice: 46660.2ha; Peas & beans (Pulses): 3777.2ha; Sugarcane: 3775.5ha; Rapeseed &Mustard: 3156.0ha
Uttar Pradesh,Sant Ravidas Nagar,89929.1,Wheat,47968.8,Wheat: 47968.8ha; Rice: 22914.8ha; Bajra: 8576.8ha; Arhar/Tur: 3553.5ha; Potato: 1364.5ha
Uttar Pradesh,Shahjahanpur,470734.1,Wheat,256802.0,Wheat: 256802.0ha; Rice: 103819.8ha; Sugarcane: 40700.8ha; Masoor: 21141.5ha; Rapeseed &Mustard: 14076.5ha
Uttar Pradesh,Shamli,127602.9,Sugarcane,64703.8,Sugarcane: 64703.8ha; Wheat: 49029.8ha; Rice: 10252.9ha; Rapeseed &Mustard: 1390.5ha; Urad: 547.2ha
Uttar Pradesh,Shravasti,184360.3,Rice,75906.5,Rice: 75906.5ha; Wheat: 70529.5ha; Masoor: 17699.8ha; Sugarcane: 8019.5ha; Maize: 4494.8ha
Uttar Pradesh,Siddharth Nagar,315438.4,Wheat,157350.0,Wheat: 157350.0ha; Rice: 139132.4ha; Masoor: 3475.5ha; Peas & beans (Pulses): 3246.8ha; Rapeseed &Mustard: 3205.2ha
Uttar Pradesh,Sitapur,526696.7,Wheat,209301.8,Wheat: 209301.8ha; Sugarcane: 146991.0ha; Rice: 81361.4ha; Rapeseed &Mustard: 27752.2ha; Masoor: 17011.2ha
Uttar Pradesh,Sonbhadra,168201.9,Wheat,57148.2,Wheat: 57148.2ha; Rice: 33518.2ha; Gram: 11271.8ha; Arhar/Tur: 10312.5ha; Masoor: 9477.2ha
Uttar Pradesh,Sultanpur,249633.6,Wheat,106092.5,Wheat: 106092.5ha; Rice: 94626.2ha; Sugarcane: 9447.2ha; Peas & beans (Pulses): 5851.0ha; Potato: 5707.5ha
Uttar Pradesh,Unnao,425128.0,Wheat,242718.0,Wheat: 242718.0ha; Rice: 98479.2ha; Rapeseed &Mustard: 16596.5ha; Urad: 15359.4ha; Sesamum: 12022.0ha
Uttar Pradesh,Varanasi,147851.2,Wheat,69404.8,Wheat: 69404.8ha; Rice: 49390.0ha; Bajra: 5425.0ha; Arhar/Tur: 4219.8ha; Sugarcane: 3696.5ha
Uttarakhand,Almora,96779.0,Ragi,29537.0,Ragi: 29537.0ha; Wheat: 25105.2ha; Rice: 13870.4ha; Small millets: 12163.2ha; Barley: 3245.2ha
Uttarakhand,Bageshwar,39125.6,Wheat,14874.4,Wheat: 14874.4ha; Rice: 13716.4ha; Ragi: 5225.2ha; Masoor: 1362.2ha; Other Kharif pulses: 1149.6ha
Uttarakhand,Chamoli,46025.7,Wheat,13367.8,Wheat: 13367.8ha; Rice: 11203.4ha; Ragi: 9365.4ha; Small millets: 5138.6ha; Barley: 1860.6ha
Uttarakhand,Champawat,22974.0,Wheat,5773.2,Wheat: 5773.2ha; Rice: 5192.2ha; Ragi: 4554.0ha; Horse-gram: 922.6ha; Small millets: 808.4ha
Uttarakhand,Dehradun,41013.4,Wheat,15603.6,Wheat: 15603.6ha; Rice: 9061.2ha; Maize: 4590.7ha; Sugarcane: 3853.6ha; Other Kharif pulses: 1299.8ha
Uttarakhand,Haridwar,124913.4,Sugarcane,69923.6,Sugarcane: 69923.6ha; Wheat: 44691.0ha; Rice: 7332.4ha; Rapeseed &Mustard: 1369.6ha; Groundnut: 597.4ha
Uttarakhand,Nainital,47327.9,Wheat,21769.0,Wheat: 21769.0ha; Rice: 5732.7ha; Soyabean: 5247.0ha; Sugarcane: 2938.6ha; Maize: 1912.7ha
Uttarakhand,Pauri Garhwal,65165.7,Ragi,16062.4,Ragi: 16062.4ha; Wheat: 12876.2ha; Small millets: 10056.0ha; Rice: 8997.0ha; Barley: 4192.2ha
Uttarakhand,Pithoragarh,63673.4,Rice,19100.4,Rice: 19100.4ha; Wheat: 18998.4ha; Ragi: 6610.4ha; Masoor: 3726.0ha; Barley: 3479.4ha
Uttarakhand,Rudra Prayag,30753.3,Wheat,9707.2,Wheat: 9707.2ha; Rice: 8567.0ha; Ragi: 6418.8ha; Small millets: 3176.2ha; Barley: 1486.2ha
Uttarakhand,Tehri Garhwal,71006.1,Wheat,18793.8,Wheat: 18793.8ha; Small millets: 14097.2ha; Rice: 10655.0ha; Ragi: 10502.8ha; Horse-gram: 3414.6ha
Uttarakhand,Udam Singh Nagar,189198.1,Wheat,104033.6,Wheat: 104033.6ha; Rice: 61664.1ha; Sugarcane: 14748.6ha; Rapeseed &Mustard: 3969.8ha; Peas & beans (Pulses): 3464.2ha
Uttarakhand,Uttar Kashi,38257.4,Rice,10393.2,Rice: 10393.2ha; Wheat: 9986.0ha; Ragi: 4833.2ha; Small millets: 3777.8ha; Other Kharif pulses: 2023.6ha
West Bengal,24 Paraganas North,220047.3,Rice,75744.4,Rice: 75744.4ha; Jute: 56845.8ha; Rapeseed &Mustard: 40364.8ha; Masoor: 10538.0ha; Sesamum: 9794.8ha
West Bengal,24 Paraganas South,211879.4,Rice,129983.3,Rice: 129983.3ha; Moong(Green Gram): 36449.0ha; Khesari: 19373.0ha; Sunflower: 5695.8ha; Coconut: 4281.0ha
West Bengal,Alipurduar,80946.1,Rice,26545.8,Rice: 26545.8ha; Potato: 14348.2ha; Jute: 13418.2ha; Maize: 8269.0ha; Rapeseed &Mustard: 4910.5ha
West Bengal,Bankura,196567.7,Rice,127669.1,Rice: 127669.1ha; Potato: 32836.2ha; Rapeseed &Mustard: 16134.0ha; Sesamum: 9068.4ha; Masoor: 3273.5ha
West Bengal,Birbhum,259451.3,Rice,133414.8,Rice: 133414.8ha; Rapeseed &Mustard: 35571.0ha; Wheat: 30744.5ha; Masoor: 17717.2ha; Potato: 15918.0ha
West Bengal,Coochbehar,255017.1,Rice,92189.2,Rice: 92189.2ha; Jute: 59897.5ha; Potato: 33367.2ha; Rapeseed &Mustard: 26937.2ha; Tobacco: 14606.8ha
West Bengal,Darjeeling,32696.6,Ragi,9530.0,Ragi: 9530.0ha; Rice: 8965.6ha; Maize: 3337.0ha; Jute: 2878.2ha; Potato: 2394.1ha
West Bengal,Dinajpur Dakshin,197466.8,Rapeseed &Mustard,62744.5,Rapeseed &Mustard: 62744.5ha; Rice: 61133.6ha; Wheat: 27041.0ha; Jute: 17755.2ha; Masoor: 10710.0ha
West Bengal,Dinajpur Uttar,249346.1,Rice,75269.3,Rice: 75269.3ha; Rapeseed &Mustard: 67708.5ha; Jute: 30257.0ha; Maize: 27833.7ha; Wheat: 25334.5ha
West Bengal,Hooghly,262348.5,Potato,98719.0,Potato: 98719.0ha; Rice: 88771.3ha; Sesamum: 38487.8ha; Jute: 13122.0ha; Rapeseed &Mustard: 9989.0ha
West Bengal,Howrah,62405.1,Rice,36673.1,Rice: 36673.1ha; Potato: 6582.2ha; Jute: 3992.8ha; Groundnut: 3691.6ha; Coconut: 3086.5ha
West Bengal,Jalpaiguri,120534.7,Rice,43760.8,Rice: 43760.8ha; Potato: 29796.8ha; Jute: 25726.0ha; Wheat: 6414.2ha; Rapeseed &Mustard: 4576.2ha
West Bengal,Jhargram,80657.0,Rice,53428.2,Rice: 53428.2ha; Sesamum: 6229.0ha; Rapeseed &Mustard: 4972.0ha; Groundnut: 3289.8ha; Potato: 2723.2ha
West Bengal,Kalimpong,21207.3,Maize,11423.7,Maize: 11423.7ha; Rice: 4771.8ha; Ragi: 2935.7ha; Small millets: 805.7ha; Potato: 419.6ha
West Bengal,Maldah,209207.6,Rice,68452.6,Rice: 68452.6ha; Rapeseed &Mustard: 43277.8ha; Jute: 24459.0ha; Wheat: 20948.5ha; Maize: 13006.0ha
West Bengal,Medinipur East,176776.2,Rice,135141.5,Rice: 135141.5ha; Khesari: 14241.2ha; Groundnut: 13322.4ha; Coconut: 3856.0ha; Potato: 2921.8ha
West Bengal,Medinipur West,339821.9,Rice,194233.7,Rice: 194233.7ha; Potato: 68611.0ha; Sesamum: 43089.0ha; Rapeseed &Mustard: 11766.5ha; Groundnut: 4102.5ha
West Bengal,Murshidabad,554385.2,Jute,152963.8,Jute: 152963.8ha; Rice: 118705.0ha; Rapeseed &Mustard: 115529.5ha; Wheat: 52973.0ha; Masoor: 34989.5ha
West Bengal,Nadia,372127.2,Jute,98279.0,Jute: 98279.0ha; Rapeseed &Mustard: 83821.2ha; Rice: 76247.1ha; Masoor: 33192.0ha; Wheat: 20723.0ha
West Bengal,Paschim Bardhaman,18812.2,Rice,13912.1,Rice: 13912.1ha; Rapeseed &Mustard: 1307.2ha; Masoor: 859.5ha; Wheat: 671.2ha; Khesari: 402.5ha
West Bengal,Purba Bardhaman,316913.5,Rice,173099.0,Rice: 173099.0ha; Potato: 63277.0ha; Rapeseed &Mustard: 30710.2ha; Sesamum: 18449.5ha; Jute: 11892.2ha
West Bengal,Purulia,124090.8,Rice,93222.6,Rice: 93222.6ha; Urad: 8248.5ha; Rapeseed &Mustard: 3580.0ha; Maize: 3205.4ha; Masoor: 2800.0ha
